제목,링크,내용
"[서울\/<b>강남구<\/b>] 다.. 당신이 백송!?, 강남 청담 <b>맛집<\/b> &lt;백송한우&gt;",https://blog.naver.com/heungnam2/223383943255,"아내는 웬만해선 나보다 일찍 집에 들어와 있어서 아내가 없는 조용한 집이란 있을 수 없다. 그런 아내가 결혼 후 처음으로 1박 2일 교육으로, 집을 잠시 비웠다.
조용해진 집이 너무 어색했다. 그래서 아내의 빈 자리를 채워보려고 티비로 유튜브도 틀어서 평소에 못 보던 것들도 실컷 보고, 소파에 편히 누워서 포스틱도 한 봉지 다 까먹고, 밤에 잘 때도 편하게 퀸사이즈 침대에서 뒹굴거린 끝에야 겨우 슬픈 마음을 달랠 수 있었다.
그렇게 애타게 기다리던 아내가 돌아와서 기쁜 마음으로 퇴근하자마자 아내가 좋아하는 한우 먹으러 다녀왔습니다.
어디로?
다.. 당신이 대전의 백송?
yeah
다.. 당신이 백송!?
강남 청담 맛집
<백송한우>
7호선 청담역 13번 출구
“백송”은 원래 대전에서 끗발 좀 날리다 못해, 허영만 선생님의 #백반기행 에도 나왔던 유명한 한우 맛집이라고 합니다.
안내 받아 2층으로 올라갔다.
1층은 홀, 2층은 전부 개별 룸 구성.
이 날, 1층은 전체 대관(?)으로 회식 중이신 것 같았는데 들어가자마자 멈칫했다가 자연스레 2층으로 안내받고 안도의 한숨.
@ 메뉴판
이 가게의 시그니처, 무쇠 불판.
가게 자체는 굉장히 깔끔해보이고 오픈한 지도 얼마 되지 않아보이는데, 불판의 연식은 상당히 된 것처럼 보였다. 본점에서 쓰던 그릴을 그대로 가져오지 않았을까요?
세팅도 깔끔하고요.
반찬도 더할 나위 없이 과하지 않게 깔끔합니다.
원래 샐러리 자체를 안좋아해서 저렇게 절여서 나오는것도 좋아하진 않았는데, 요즘 고깃집 트렌드라서 그런가 어딜 가든간에 많이 나와서 하나씩 주워먹다보니 또 은근 잘 먹힌다.
고추지는 진짜 맛있다.
고기 먹을 때 꼭 같이 곁들여드세요.
겉절이는 바로 무쳐서 그릇에.
겉절이 주방에서 무쳐둔거, 오래된거 나오면 가끔 짓물린 채소들이 보여셔 식감이 조금 떨어질 수도 있는데 요기는 바로 무쳐주니까 씹는 법을 좋아하는 나로써는 좋을 수밖에.
파김치도 너무 맛있습니다. 내가 거의 다 먹음.
@ 백송 서대살 (300g, 2인분)
이 집의 시그니처 메뉴 중 하나.
셰잎 보면 알겠지만 부채살인데요, 왜 서대살이냐면
어라?
다 구워주시니까 편합니다.
사실 뭐 부채살을 보통 스테이크로 많이 먹다보니 구이로 이렇게 먹는거는 처음이라 신선했다.
힘줄은 따로 떼줘서 먹기도 편하구요
다시 말하지만 고추지 너무 맛있습니다.
와사비도 당연히 맛있지만 그래도 고추지 못잃어
@ 한우육회
요즘 고깃집들 다 서브 메뉴로 육회 파는 이유 아시는 분? 어딜가든 다 육회가 있네요.
맛있습니다!
@ 한우육개장
팔팔 끓여나옵니다.
엄청 실하다.
내 블로그를 자주 보는 분들은 잘 아시겠지만, 아내가 국물을 참 좋아한다.
고기에 정신 팔려 있던 아내가 국물 좀 떠먹어보라던 말에 국물 한 술 뜨더니 바로 국물로 종목을 변경했다.
@ 오이소박이국수
계란지단 이거 부치는 것도 일인데, 참 맛있게 먹었습니다.
@ 백송볶음밥
고기기름에만 볶아낸게 아니라, 그냥 아예 고기가 들어가있다.
요즘 세상에 계란후라이 써니사이드업으로다가 이쁘게 두개나 부쳐서 올려주는 곳이 어딨나요? 강남 한복판 중국집 가도 그냥 짜장이 8-9천원, 간짜장이 만원이 넘어가도 계란 비슷한건 구경도 못하는 시대가 됐는데.
계란을 안좋아하지만 이상하게 볶음밥 먹을땐 계란이 그렇게 좋을 수가 없다.
서버분이 갑자기 들어오시더니 새우장도 먹어보라고, 육전도 먹어보라고 하나씩 주고 가셨다.
감사합니다. 정말 생각지도 못한 서비스였어요.
이 집의 마지막 킥kick은 깨끗한 화장실과 가글.
잘 먹고 깔끔하게 나왔습니다.
50m
© NAVER Corp.
백송 청담점
서울특별시 강남구 도산대로100길 13 1, 2층
예약
주소) 서울시 강남구 도산대로100길 13
영업시간) 11:00~22:00
휴무일) 매주 일요일
연락처) 0507-1357-9303
#강남구맛집 #청담맛집 #청담동맛집 #청담고깃집 #청담동고깃집 #백송 #백송한우 #백송청담점"
[<b>맛집<\/b>] <b>강남구<\/b>청역 &quot;해몽&quot; - 엄청난 쪽갈비 <b>맛집<\/b>,https://blog.naver.com/fastforward_30/223286906105,"위치/ 강남구 학동로41길 32
강남구청역 근처어딘가..인데..택시타고 가서 잘 모름
운영시간/ 16:30~22:30 , 일요일 휴무
* 사람이 정말정말 많아서 오픈 직후 추천!
* 테라스석같이 생긴 야외석 강추!
* 쪽갈비는 추가 주문이 안되니 처음부터 넉넉하게!
50m
© NAVER Corp.
해몽
서울특별시 강남구 학동로41길 32
강남구청역 쪽갈비 맛집 ""해몽""
엄청나다 엄청나!!!!!!
올 가을에 공익차원에서 수성 왕새우구이 포스팅을 했었다면, 올 겨울엔 바로 여기다.
공익차원에서 쓰는 쪽갈비 맛집 해몽.
사실 쓰면서도 이미 인기 많은데.. 사람 더 많아지면 어떡하나 싶고.. 하지만 모두가 한번은 먹어봤으면 하고..
이런 생각이 마구마구 떠오른다.
그만큼 맛있고, 누가 가도 좋아할 수 밖에 없는 곳이다.
나는 친한 지인분이 저녁때 데려가줬고,
6시 좀 전에 도착해서 바로 자리에 앉을 수 있었다.
나올때보니 테이블링으로 대기할 수 있는 구조!
해몽의 대표 메뉴는 안창살과 쪽갈비.
안창살 (150g) / 30,000원
쪽갈비 (300g) / 18,000원
이렇게 보면 쪽갈비가 저렴해보이지만,
쪽갈비는 뼈까지 포함된 무게기 때문에 시켜서 뜯어먹다보면 정말 얼마 안된다.
쪽갈비는 초벌구이를 해서 나오기 때문에 중간에 추가가 안되니,
처음부터 무조건 인원수 X 1.5배 시키는걸 추천!!
여자 둘이 와서 3-4인분 먹는게 보통이구,
우리는 여2남2가 가서 쪽갈비 7인분 + 안창살 2인분을 먹고왔다.
자 올해의 송년회 스타트!
오늘 한번 제대로 먹어봅시당!
먹기전에는 상쾌환 비스무리한거로
속을 살살 달래줍니다.
나는 술찌지만 나눠주시니 또 감사히 먹었다.
숯불이 살살 올라왔다.
원래는 연탄불이었는데, 냄새가 너무 심해서 주위 민원때문에 숯불로 바뀌었다고 하더라.
비장의 사이드.
참소스에 부추가 잔뜩 들어가있는데 이게 또 별미다.
나중에 고기가 나오면 이 소스에 고기를 콕 찍어 숯불에 삭- 구워서 먹는건데 그게 그게 기가 막힙니다 또..
중간에 오뎅탕도 서비스로 나온다.
이게 또 칼칼하니 맛있어서 국물 필요할때마다 삭- 그 역할을 해준다.
그리고 대망의 쪽갈비(등갈비) 등장!!!
위에 보이는 양이 7인분이고,
양이 진짜 많아보이지만 뼈무게 때문에 먹다보면 진짜 호로록 다 먹는다.
초벌구이가 된 쪽갈비가 주방에서 나오면
사장님이 진짜 빛과같은 속도로 뼈와 살을 한 절반정도 분리해주시는데, 그걸 그대로 구워먹으면 된다.
쪽갈비는 부추가 담긴 양념장에 잠깐 담근다음에
불 위에서 탁!탁!!!! 몇 번 털듯이 구워내면
열배는 더 맛있어진다.!!!!!!!!!!
그렇게 완성된 쪽갈비는 정말 엄청난 맛이었다.
요새 웬만한 음식을 먹고 맛있다는 생각이 잘 안드는데 이건 정말 먹자마자 비명을 지르고 싶을 정도였다.
쪽갈비를 처음 먹는 것도 아닌데
진짜 처음 맛보는 감칠맛의 양념과 쫄깃한 고기 식감이 저어어엉말 훌륭했다. ㅠㅠ
정신없이 먹다보면 이게 은근히 배가 또 찬다.
뼈 하나씩 잡고 쭈압쭈압 분리해먹는 재미가 쏠쏠하다.
진짜 등갈비는 아무리 많이 시켜도 후회하지 않을테니 제발 넉넉하게 주문하기를 강추!!
2차전으로 주문한 안창살!
안창살은 맛만보자며 2인분만 시켰는데
와우 이게 또 엄청나다 엄청나.
등갈비를 뛰어넘을 맛이 있을까 싶었는데,
뛰어넘진 못해도 충분히 견줄만한 맛이다.
이건 소금과 후추를 촵촵 뿌려서 구워주시는데
적당히 소금기가 얹어진 안창살이 또 진짜 훌륭하다.
쪽갈비와 안창살 중 고르라면
당연히 쪽갈비지만, 배가 좀 여유있다면 안창살도 2인분 정도는 맛보는걸 추천!!
여기는 완전 재방문 의사 200% 있다.
#해몽
#강남구청역해몽
#강남구해몽
#논현동해몽
#등갈비맛집
#강남구청역맛집
#강남구맛집
#논현동맛집
#쪽갈비맛집
#혜리맛집
#강남구쪽갈비맛집
#강남구등갈비맛집"
<b>강남구<\/b>청역 <b>맛집<\/b> 서울 3대 순대국이자 줄서는식당까지 나온... ,https://blog.naver.com/uniquefabric24/223383507381,"서울 3대 순대국 가봄
3대 4대천왕 등등
특히나 따지는 친구가 있음 키키
그 정보는 도대체 어디서 나나?
출처불명이지만
말한데 따라가서 실패는 없었음
보통 이상 또는 완죤 AA 등급임
며칠 전 간 강남구청 맛집
청와옥도 특 A급 수준급 식당였음
50m
© NAVER Corp.
청와옥 본사직영학동점
서울특별시 강남구 언주로 708 1, 2층
흔한 프랜차이즈처럼
여기저기 있지는 않고
직영으로 몇 지점 운영하는거 같음
우리가 간덴 강남구청 맛집으로
학동역 바로 근처 직영점임
파란색 지붕 간판이 시그니처라 함
직영 거의 다가
줄서는 식당 순대국 맛집이라함
여기도 대기의 흔적이 보였음
입구에 대기자용 따뜻한 차가 있음
무작정 기다리는 건 아니고
안에서 등록하고 나옴 순서대로 드감
기다릴 땐 메뉴판 정독이 습관 힛
줄서는 식당 순대국 맛집에서
무엇을 공략할지 치밀한 전략 준비 킼
순대국에 솥밥을 기준으로 깔아놓고
음식 몇 가지 같이 먹는 걸로 준비 완료
순간 한정식집인줄 흐흣
순서에 들어가는데
입구부터 큰 샹들리에가 맡이해줌
스케일이 남다른 강남구청역 맛집임
예쁘게 잘 꾸민 실내임
원목 느낌에 차분한 조명
그리고 도자기 등의 소품등으로
고품격이 느껴지는 청와옥이었음
지저분한 흔적 전혀 없음
말끔한 테이블 상황임
인식을 바꿔준
서울 3대 순대국 맛집이었음
3대 4대천왕 그러면
오래된 식당이 떠올랐었고
가보면 대부분이 그랬었었는데
청와옥은 정반대로 고급졌었음 흣
물은 헛개수가 나옴
헛개나무 차로
조금의 쌉싸르함이 있는데
육류 위주의 메뉴들이어서
쌉싸르함이 입가심 효과가 있었음
입가심 효과의 최고는 막걸리 킼
서울 3대 순대국 방문기념 건배 크크
막걸리 잔이 사상 최고로
우아한 잔이 나온 청와옥이었음 흐흣
육회는 복불복
잘하는 집 가면 극상
못하는 집 가면 나락
제발 잡내 냄새 없길 바라고 바랬음
고기 자체에 양념이 최소로 되어있어
퀄리티가 좋을 거란 생각은 들었음
잡내 없이 깔끔한 육질이
잘하는 집에 들 강남구청역 맛집이었음
직장인이 많은
강남구청역 점심 장소인 만큼
본질적인 부분에 충실한 거로 보였음
직장인 입맛이 원래 젤 까탈스럼
특히 재료가 안좋음 안가게 됨
청와옥은 밥하는 쌀부터 챙겼음
햅쌀인데다가 도정한지도 얼마안된
쌀이라 밥알이 고슬고슬의 끝이었음
누룽지를 먹어도 묵은내가 전혀없음
강남구청역 점심에서
먹은거 중에 유니크한 걸로
1등을 뽑으라면 오징어숯불구이였음
뜬금포 오징어가 메뉴에 있음 키키
뜬금포로다가 맛이 괜찮았음
주력이 아닌건 안먹는 편인데
다른 사람들이 먹는 거 보고
맛있어 보여 따라 한 건데 굿초이스였음
모듬순대 나온 거 보고 갬동 히힛
다 떠나서 플레이팅이 넘 좋았음
나무로 된 통에
가지런하게 담김 순대와 고기라니!!
접시에 투박하게 나오거나
옥수수철판 같은 곳에 나오던데 ...
줄서는 식당 순대국 맛집은
플레이팅도 스페셜하구나하고 감탄ㅎ
순대와 젓갈 조합
강남구청 맛집에서 최초 시도
같이 먹으라고 준거 같아서
해본 건데 기대 이상 조합도가 높음
순대 먹을 때마다 생각날 조합임 ㅋ
순대국 한그릇에는
별다른게 필요 없음
강남구청역 맛집 청와옥처럼
맛있는 쌀로 지은 밥
뜨끈뜨끈하고 진국인 국
그리고 깍뚜기 새우젓 무채정도면 끝
가장 심플한데 가장 맛있는 세트임
밥 넣고 고기랑 듬뿍듬뿍 먹음
고기가 쫀득한 부분
부들부들한 부분 골고루 있어서
식감적으로 재미있는 순대국이었음
기본 김치가 무로 만든것들이라
식감이 좋았음
아삭거리고 새콤달콤한 무채랑 깍두기
무채랑 깍두기만 팔아도
사가는 사람이 많을 거 같은 맛이었음
다들 리필들 할게 뻔해 보임
그래서 준비된
강남구청역 맛집의 셀프바였음
깍두기는 국자로 팍팍 리필 크킄
파도 있는지 몰랐었는데
알았으면 처음에 국에
팍팍 넣고 먹었을텐데 아쉬었었음
오징어덮밥? 육회비빔밥?
대접과 부추 양념장으로
만들 수가 있었는데
상콤한게 더 땡겨서 육회로 했음
몇대로 소문난 집은
잘한다는걸 이번에 확실 인증함
주문한 요리가 다 잘하는게
쉽지 않은 일인데 그게 해냈음
순대국 파는데
육회가 맛있는 게 넘 신기했음 크크
오징어까지 잘하니까
내가 회사만 근처였으면
강남구청역 점심 식사의 8할은
청와옥으로 갔을거란 생각임
국밥에 오징어볶음을 올려먹는건
어디서도 상상 못할 대단한 조합임
머 국밥집에서
즉석 솥밥 주는데는
이제 상당히 많이 생기긴 했으니까.
굳이 잘한다 할까 말까 했는데
정말 쌀이 햅쌀이란 게
밥맛에서 느껴지니까
청와옥만의 장점이라 말하겠음 흐흣
이번 몇대 가게 방문도
대성공을 만들어준
강남구청역 맛집 청와옥이었음 히힛
쉬는 날와서 막걸리랑 먹으니
더 평가가 좋아질수 있었겠지만
여하튼 많은 걸 배 터질 만큼
먹었다는 게 맛있어서 가능한 일일 거임
청와옥막걸리도 먹어서
진심 배터져 죽는줄 안 청와옥방문임 ㅋ
""서비스를 제공받아 솔직하게 작성되었습니다.""
#청와옥본사직영학동점#강남구청역맛집
#강남구청맛집#학동역맛집#강남순대국맛집
#학동역밥집#강남구청점심
#놀면뭐하니맛집#직장인맛집#줄서는식당순대국"
<b>강남구 맛집<\/b> 명인등심 회식하기 좋은 소고기 삼성역맛집,https://blog.naver.com/mjjh0214/223384008554,"회식장소로 두번이나 가본 명인등심
정말 소고기 두툼하고 입안에서 녹는다 녹아~
강남구 맛집으로 소개해 드리고 싶은 명인등심
실내도넓어 회식장소로도 좋은
소고기 등심맛집 포스팅할께요 ( ◜࿀◝ )
미리예약하고 방문드렸고
룸테이블과 바깥쪽 테이블에
미리 셋팅 해 주셨어요
룸도 있어 회식장소로도 아주 좋아요
전체적으로 실내 넓고 큰편이고
명인등심에선 바로 고기 썰어져 나옵니다!!
강남구 맛집 명인등심 메뉴,가격
경북안동 친환경목장과 거래해 1++한우 특등심
한가지만 판매하고 있는 명인등심
진짜 생고기 나오는거만 보아도
땟갈이 정말좋아 보이더라고요
딱 한가지
1++한우 특등심 소고기 단품판매예요
그 외에 사이드메뉴로
식사류도 판매하고 있어요
점심특선으로 갈비탕,육회비빔밥
등심불고기도 있습니다
기본적으로 나오는 반찬, 샐러드와 무생채,백김치
고추절임이 나오는데 백김치가 깔끔하고
소고기먹는데 소금과 백김치만 있으면 끝!
( ⑉¯ ꇴ ¯⑉ )
반찬이 화려하게 많이 나오는 편은 아니예요
그냥 고기랑 기본적으로 손이가는 반찬들로 나와요
한우 특등심 150g
49,000원
인원수에 맞게 처음에 고기가 나오고
생고기로 나오는 비쥬얼보소?!?!
진짜 마블링이 장난아니지 않아요!?
굽기도 전에 먹음직스러움...최고다 최고야!!
바로 숯불위에 굽굽
진짜 비쥬얼이 너무 먹음직스러워 보이죠?!
입속에 들어가면 녹습니다 녹아......
고기자체가 워낙 좋아서 그런지
소금에 찍어 먹는게 제일 맛있고
정말 부드러워요 ( ⁎ ᵕᴗᵕ ⁎ )
진짜 배고팟던터라 순식간에 한판 다 굽굽
그리고 추가적으로 4인분 더 주문했어요
회식장소로 아주 딱 이쥬~
비싼고기 맘껏 먹습니다(〃❛ ʜ ❛〃)
고기랑함께 먹을 수 있는 양파채와 백김치
무한적으로 들어갈 수 있어요
배만차지 않는다면 ㅋㅋㅋㅋㅋㅋ
술을 따로 먹지 않았는데
다른테이블은 와인도 주문하시고 소주,맥주드심
명인등심에선 콜키지 1병은 무료라고 하더라고요!
오!? 좋은데!??! 두병부터는 만원의 요금을 받는데
그래도 가격대가 너무 좋은거 같아요 ⸜(♡'ᗜ'♡)⸝
가족분들끼리 외식하러 오기에도 좋을 듯 싶네요
두번째 추가 고기주문하면서 육회도 함께주문
등심주문하시면서 육회 필수입니다!!
양념도 짜지않고 강하지도 않고 맛있어요...
굽는고긴 굽는대로 맛있고
날거 육회는 촉촉하니 맛있고
후식으로 냉면을 주문했는데....
비냉은 저번에 먹을 때 맛있게 먹었고
깔끔한 맛으로 주문한 물냉은.망함쓰~~
평소 먹었던 냉면맛이 아니고;;
식초겨자를 넣어도
니맛도 내맛도 아니더라고요!?
가위로 잘라주시냐 물어봐 '네'
그럼 딱 요렇게 나오는 물냉면
(；￣Д￣）
먹다가 도저히..고기랑도 안 어울리고
못먹겠더라고요~
바로 변경했습니다 된장찌개로 주문해
옆 직원과함께 나눠먹었어요
와..진짜 된장찌개 꼭 주문해 드세요
된장죽과 된장국수도 있는데
개인적으로 밥이 좋아 주문했는데
진짜 해장되는 느낌이고 꼭 드셔야됩니다
진즉에 된장찌개 주문했어야됬음...
식사류 꼭 양많게 주문아니라
후식사이드로 주문할 수 있어요
바글바글 뚝배기에 긇여져 나오고
밥한공기 그냥 넣어 바로 먹었습니다
함께나오는 김치랑 먹으면 딱..
그냥 한뚝배기 모두 다 흡입
배는 불렀지만 또 밥은 들어가야되니깐요?!?
된장찌개 집밥느낌으로 맛있어요 정말!!
삼성역맛집 회식장소로 좋은 명인등심
생고기 싱싱하고 정말 입에서 녹을만큼 부드러움
강남구 맛집 명인등심 삼성
재생
0
좋아요
0
00:00
00:17

강남구 맛집 명인등심 삼성
강남구 맛집 명인등심
회식하기 좋은 소고기 삼성역맛집
.
.
1++특등심만 판매하는 명인등심
고기 입에서 살살녹음
가격대가 저렴한편은 아니지만 맛은 있는 식당
전 회식으로 방문해 실컷먹었어요 ( ⸝•ᴗ•⸝)
올때마다 맛있다 느껴 한번쯤 방문해
맛있는 소고기 드셔보길 추천드립니다
명인등심에선 명절선물도 판매하고 있고
계산대앞에 원산지 표시판도 있어
이런거 놓치지않고 꼭 찍게 되지요 ( ⑉ ´ ꇴ ` ⑉ )
계산대앞엔 정육코너도 있어 고기도 썰고 계심
ㅋㅋㅋㅋㅋㅋㅋㅋㅋㅋㅋㅋㅋㅋ
명인등심 영업시간
11:30 - 22:00
연중무휴
팀호완 바로 옆
오크우드호텔 맞은편에 위치
전화 : 0507-1423-3306
주차장 가게앞가능
발렛주차가능/ 콜키지1병 무료
블루리본 서베이 4개 등록
50m
© NAVER Corp.
명인등심 삼성직영점
서울특별시 강남구 봉은사로86길 30 2층
#강남구회식추천 #강남맛집
#강남소고기추천 #코엑스맛집
#코엑스소고기식당 #삼성역맛집
#삼성역회식장소 #명인등심"
<b>강남맛집<\/b> 청담 파인다이닝 코스요리 우마마랩,https://blog.naver.com/joinjaang/223326633759,"오랜만에 눈이 펑펑 쏟아지던 저번주 와이프와 함께 서초구에 일이 있어 잠깐 들렸다가, 강남 역삼의 눈 오는 거리를 거닐면서 오붓한 시간을 보내며 미리 예약해둔 강남맛집인 청담 파인다이닝 우마마랩을 방문하게 되었다.
오랜만에 온 서울이라 기분좀 낼려고 했는데 강남역 서운로 달떡볶이가 먹고 싶다던 와이프를 매일 먹을 수 있는 메뉴라며 진정시키고 데려갔는데, (중독성이 있는 맛이라나 뭐라나..) 덕분에 정말 분위기 있는곳에서 맛있는 식사를 즐길 수 있었다.
가성비 있는 코스요리와 깔끔하고 미니멀한 분위기가 돋보이는 파인다이닝으로 이미 주변사람들에게 인기가 있는 곳이라 쉽지 않았던 곳이다.
연말에 하려고 했는데 12월 중순부터 연말까지 예약이 꽉 차 있다고 해서 어쩔 수 없이 1월초에 할 수 밖에 없었던 강남맛집이라 기대가 많이 되었다.
50m
© NAVER Corp.
우마마랩
서울특별시 강남구 도산대로81길 18 1층
예약
주소는 청담에 도산대로 81길 18번지 1층으로 차를 가져오는 분들이라면 바로 앞에 발렛파킹으로 주차가 가능하다. (강남구라 그런지 발렛비는 5천원..)
도보 이용이라면 수인분당선 압구정로데오역 2번출구, 7호선 청담역 9번출구에서 각각 도보 5분 700m 거리이기 때문에 쉽게 올 수 있다.
입구에서부터 아직 크리스마스 트리가 반겨주고 있었는데 그림이 상당히 세련된 느낌이었다.
내부는 넓은 오픈형 주방을 위주로 넓은 바테이블과 6개 정도의 단촐한 테이블이 마련되어 있었는데 1시 점심시간에 방문하여서 그런지 이미 모든 테이블에 손님들이 런치코스를 즐기고 있었다.
세련된 분위기에 은은한 조명, 그리고 탁 트인 통창 유리로 눈이 오던 날씨를 담뿍 느낄 수 있었던 분위기였다.
바테이블도 대리석으로 고급스럽게 만들어져 있었으며 오픈형 키친에서 쉐프분들이 파인다이닝 요리를 만들고 계셨다.
대형 와인셀러도 갖추고 있었는데 다양하고 맛 좋기로 소문난 라인업으로 꾸며져 있어 페어링하기 좋아보였다.
만약 가지고 오고 싶은 와인이 있다면 콜키지는 1병당 3만원이라 크게 부담이 되지 않는 가격이다.
강남맛집 우마마랩
재생
17
좋아요
0
00:00
00:10

접기/펴기
강남맛집 우마마랩
세련된 분위기의 강남맛집 우마마랩 내부 분위기.
우리는 테이블로 안내되었는데 자리도 고급스러운 마블 대리석으로 만들어져 있었으며 기본 세팅은 와인잔과 커틀러리, 물, 오늘의 런치코스 메뉴로 꾸며져 있었다.
애피타이저로 그린샐러드와 타르타르, 아란치니, 샐러리악, 메인으로 토마토라구와 페코리노 파스타, 한우 1++ no.9 채끝 스테이크, 디저트로 마스카포네 티라미슈 코스로 짜여져 있었다.
런치코스는 4만9천원인데, 주문전에 메인 메뉴에는 각각 18,000원으로 트러플을 추가 할 수 있으며, 페어링 와인은 1 글래스 2만원부터 시작하는 추가요금이 있었다.
디너코스는 7만 9천원으로 연어타르타르와 제철생선이 추가된다.
우마마랩 파인다이닝 코스요리
먼저 그린샐러드로 발사믹 소스가 뿌려진 순무와 각종 야채 채소, 그리고 과일과 올리브, 마지막으로 샐러드 안 쪽에 리코타 치즈가 듬뿍 들어있는 애피타이저였는데 상큼하니 입맛을 돋우기에 좋았다.
다음은 비주얼이 멋있었던 바삭한 비스킷 위로 한우육회와 청어알이 올려진 타르타르와, 김치볶음밥이 들어간 아란치니, 구운문어와 채소잎이 올라간 샐러리악이 제공되었는데 보기만해도 고급스러움이 느껴지는 핑거푸드였다.
마찬가지로 고속한 식감의 타르타르와 김치볶음밥으로 느끼함 없이 먹을 수 있었던 아란치니, 고소하고 식감 좋은 문어의 샐러리악 모두 맛있었던 애피타이저.
라구 파스타와 까르보나라는 코스 1인당 하나를 고를 수 있는데 둘이 와서 각각 하나씩 주문했다.
라구는 채끝 등심을 토마토소스와 잘 버무려 탈리아탈레 넓은면과 함께 나오는데 육향의 깊은맛이 진득하니 맛있었다.
까르보나라도 꾸덕한 치즈소스와 무엇보다 깊은 맛의 파르미지아노 레지아노가 올라가 있어 내가 좋아하는 맛이라 미소가 지어졌다.
같이 나온 양배추 피클과 빨갛게 올려진 비트젤리가 인상적이었던 사이드메뉴, 파스타와 먹기 딱이다.
마지막으로 나온 1++ no.9 한우 스테이크로 레드와인 소스와 함께 감자퓨레와 미니 양배추 가니쉬가 같이 나왔다.
처음 메뉴를 설명해 주실 때 스테이크 고기 굽기를 물어보시는데 기본이 미디움레어이기 때문에 다른 구이를 원한다면 이때 말하면 된다.
부드러우면서도 1++ 한우가 주는 고속한 육향과 레드와인 소스가 인상적이었던 스테이크 메인메뉴.
마지막 디저트로 나온 티라미수는 부드러운 크림과 촉촉한 빵이 잘 어우러졌고 같이 나온 용과와 딸기, 젤리로 상큼하니 개운하게 먹기 좋은 메뉴였다.
며칠동안 기다려 마음이 상당히 고달팟던 강남맛집 청담 파인다이닝이어서 그런지 더 분위기도 좋고 맛있었던 우마마랩이었다.
가성비 있는 코스요리가 돋보였던 곳으로 특별한 날이나 분위기 잡고 싶은때 부담없이 방문할 수 있었던 곳이라 자주 예약할 것 같다."
"<b>강남<\/b> 고기집: 논현 삼겹살 <b>맛집<\/b> 영동그집 (웨이팅, 추천메뉴)",https://blog.naver.com/ppangsun238/223384908450,"안녕하세요!
오늘은 서울 3대 숙성고기로도 알려져 있는 강남 고기집 #영동그집 을 소개하려고 해요~
제 블로그 꾸준히 봐오신 분들은 이미 아시겠지만 ㅎㅎ
저는 한때 삼겹살에 꽂혔을 때는 주 1회 먹으러 갔을 정도로 돼지고기 러버인데요 ★
웨이팅 해서 먹는 논현 삼겹살 맛집이 있다고 하여 냉큼 방문해 보았답니다!
평소에는 웨이팅 생기는 맛집으로 알고 있는데,
저는 주중 5시 조금 넘어서 방문했더니 바로 입장할 수 있었어요!
대신 주중 이른 저녁 시간인 데다가 강남 고기집임에도 불구하고 손님이 생각보다 많아서 놀랐답니다 ~~
참고로 영동그집은 테이블링으로 편리하게 웨이팅 가능하니
테이블링으로 웨이팅 걸어놓고 주변에서 편하게 구경 다니셔도 좋을 것 같아요 ㅎㅎ
그러면 추천 메뉴까지 하나하나 소개해 드려 보도록 할까요?
위치 및 영업시간
50m
© NAVER Corp.
영동그집
서울특별시 강남구 봉은사로1길 42-8
예약
도보로 방문 시: 신논현역 3번 출구에서 걸어서 377미터 (네이버 지도상으로 5분 소요)
혹은
논현역 8번 출구에서 걸어서 376미터 (네이버 지도상으로 5분 소요)
차량으로 방문 시: 근처 공영주차장 이용
영업시간
월~금
16:30 - 23:00
토~일
12:00 - 23:00
15:00 - 17:00 브레이크타임
단체 이용 가능, 예약, 무선 인터넷, 남/녀 화장실 구분
외부 모습
논현 삼겹살 맛집 영동그집 외관입니다
깔끔한 단독 건물이라 순간 강남 고기집인 줄도 모르고 지나칠 뻔했지 뭐예요 ㅎㅎ
매장 입구는 중앙 안쪽에 있습니다!
SBS 생방송투데이에 방영했다는 팻말이 눈에 띄는군요 ㅎㅎ
그 외에는 요즘 핫한 풍자 유튜브 채널에도 출연했다고 해요!
웨이팅 공간
참고로 영동그집은 강남 웨이팅 맛집이기 때문에 대기할 수 있는 공간이 따로 마련돼 있는데요
요즘 날씨가 많이 풀리기는 했지만, 아직 밖은 쌀쌀해서
센스 있게 천막 + 히터까지 준비해 놓았더라구요 ㅎㅎ
앉을 자리 많은 것도 덤!
내부 모습
웨이팅
입장하자마자 눈에 띈 것은 웨이팅 발생 시 대기를 걸어 놓을 수 있는 테이블링 태블릿과
원활한 테이블 회전을 위해 매장 이용시간을 2시간 이내로 제한하고 있다는 안내였어요
오죽 논현 웨이팅 맛집이었으면 이런 방침을 내렸을까 싶더라구요 ㅎㅎ
숙성 고기 냉장고
그리고 강남 고기집에서 주목할 또 다른 사항은 2주 이상 드라이에이징 하는 숙성고 모습입니다 ..!
타이밍이 잘 맞으면 직원분이 고기를 손질하는 모습도 직접 볼 수 있는데요
제가 앞을 지나갈 때는 정성스럽게 지방을 잘라내고 계셨어요 ㅎㅎ
좌석
내부 좌석은 넓은 편이고, 저는 주중 이른 저녁에 방문했음에도 불구하고 내부에 손님이 꽤 차 있는 상태였어요!
심지어 식사가 끝나갈 때쯤에는 손님이 더 몰렸는데, 워낙 강남 고기집 맛집으로 이미 유명해서 그런가 봐요 ㅎㅎ
저희는 둘이서 방문해서 4인석으로 배정되었구요
의자 아래에 짐보관을 위한 공간과, 옷에 냄새 베지 않도록 할 수 있는 대형 비닐이 마련돼 있어서 좋았어요!
가끔 어떤 고기집들은 직원한테 요청해야 봉지를 가져다주시는데,
어차피 필요할 확률이 높으니까 ★ 이렇게 기본으로 제공해 주는 것도 괜찮은 것 같아요~~
숟가락, 젓가락, 냅킨은 테이블 옆쪽에 있는 서랍에서 꺼내시면 된답니다 ㅎㅎ
메뉴판
(비고: 2024년 3월 기준)
영동그집 메뉴판입니다
구이류는 총 5종류로 간단한 편인데요
고기 마니아 사이에서는 ""서울 3대 숙성고기 맛집""으로 알려져 있을 정도로 인기가 좋다고 해요!
직접 먹어보니까 2주 이상 숙성과정을 거쳐서 그런지 확실히 맛의 깊이가 다르더라구요 ㅎㅎ
일반 냉장고에서 2주간 생고기 놔두면 상할텐데 .. 드라이에이징은 어떻게 하는 원리인지 참 궁금하고 신기하지 않나요? ㅎㅎ
강남 고기집인 만큼 주류도 다양하게 구비돼 있는데요
가격대가 다양해서 원하는 선에서 선택 가능하실 듯해요!
논현 삼겹살 맛집 영동그집 식사후기 (feat. 추천메뉴)
기본 테이블 세팅
여기부터는 영동그집 식사후기와, 추천메뉴를 소개해 드리도록 할게요
기본 반찬으로는 부추겉절이, 상추, 단호박 샐러드, 김치 등이 제공되는데요
강남 맛집이라 그런지, 기본 반찬으로 나온 김치까지 하나하나 맛있었어요 ㅎㅎ
저희는 앞쪽에서 ""둘이서 방문했다""고 말씀드리니 2명에 맞춰 테이블을 세팅해 주셨는데요
개별 소스 그릇에는 소금 + 마늘 간장이 제공됐어요 ㅎㅎ
메뉴 둘러보고 있는 동안 직원분이 넣어주신 숯은 한눈에 봐도 상태가 좋아 보이지 않나요? ㅎㅎ
개인적으로 외식으로 고기 먹을 때는 숯 향이 배는 것을 선호하는 편인데
다른 분들은 어떻게 구워 먹는 게 좋으신지 급 궁금해지는군요 ㅎㅎ
제주 목살 & 그집삼겹살
저희는 이날 3인분에다가 사이드 요리 이것저것 시켜 먹고 싶은 욕심에 제주목살 & 그집삼겹살을 각 1인분씩 주문하는 것으로 식사를 시작했어요 ㅎㅎ
그런데 돌이켜 생각해 보면 다른 맛집에서는 찾아볼 수 없는 돼지가리비나 돼지감자.살로 먹어봤어도 좋을 것 같더라구요 ★
숙련된 직원이 구워주는 강남 고기집이라 확실히 편했구요
특이하게도 그릴이 한쪽에는 그물망처럼 돼 있어서 숙성고기에 숯향이 아주 제대로 뱄답니다~~~
다 익은 숙성 삼겹살과 목살은 그릴 가장 왼편에 가지런히 올려주시는데요
눈치채신 분이 계시려나 모르겠지만 ㅎㅎ 숯이 가운데에 있지 않고 앞쪽에 놓여 있어서
고기가 따뜻하게 유지는 되면서 타지는 않아서 편리했어요!
구워주는 강남 고기집: 웨이팅 있는 영동그집
재생
1
좋아요
0
00:00
00:43

구워주는 강남 고기집: 웨이팅 있는 영동그집
꼼꼼하게 삼겹살 & 목살 구워주는 모습이 궁금하신 분들은 위 영상을 참고해주시길 바라요!
직원분이 맛있게 구워주는 숙성고기는 간장 소스에도 찍어 먹고, 와사비랑도 먹고, 쌈도 싸먹었는데요
""괜히 웨이팅 있는 논현 삼겹살 맛집이 아니군"" 싶을 정도로 고기 자체의 맛이 좋았어요 ㅎㅎ
평소 저는 소고기는 소금+와사비 조합으로 먹어도 돼지고기는 무조건 쌈장파였는데
이날만큼은 소금+와사비 조합 위주로 먹고 왔답니다 ~~
참고로 위 메뉴 중 추천 메뉴로 무엇을 꼽겠냐, 물어보신다면
목살이 좋냐, 삼겹살이 좋냐는 굉장히 개인 취향이 많이 갈리는 부분이라고 생각하는데요
저는 개인적으로 삼겹살이, 같이 방문한 일행은 목살이 좋다고 했어요 ㅎㅎ
만약 재방문하게 된다면 그때는 영동그집만의 특별 메뉴인 영동원갈비, 돼지가리비, 돼지감자.살 위주로 먹지 않을까 싶습니다!
영동원갈비
그리고 너무나도 궁금해서 시킨 영동원갈비
앞에 시킨 메뉴와 달리 본인이 직접 구워 먹는 메뉴예요!
그런데 감동적이었던 게 앞에 삼겹살/목살 구운 후에 따로 요청을 안 해도 불판을 바꿔주시더라구요 ㅎㅎ
덕분에 더욱 맛있게 영동원갈비를 구워먹을 수 있었어요!
영동그집 추천메뉴에 영동원갈비도 포함하겠냐? 묻노라면 직접 고기 구워 먹는 것을 좋아한다면 YES,
그렇지 않다면 NO라고 답변드릴 것 같아요 ㅎㅎ
고기가 얇고, 중간중간에 뼈가 있어서 은근 손이 많이 갔답니다!
하지만 이는 강남 고기집 맛집의 영동원갈비 메뉴가 맛없다는 뜻은 절대절대 아니고
워낙 숙성고기 퀄리티가 좋아서 고기 직접 구워 드시는 거 싫어하시는 분들은 다른 메뉴 시키셔도 무방할 듯해요!
리조또
마지막으로 식사가 빠지면 섭하죠?
어떻게 시켜 먹을까, 고민하다가 논현 삼겹살 맛집에서 리조또라는 특이한 메뉴가 있어서 냉큼 시켜 먹어보았어요 ㅎㅎ
사실 저는 한때 요리 블로그를 운영했을 정도로 먹는 것에 진심이거든요?
과거에는 정석 방식대로 집에서 직접 리조또를 만들어 먹기도 했었는데
(각종 해산물 + 야채 조합으로 육수까지 내서 만들었어요 ★)
영동그집 리조또도 생각보다 너무너무 맛있는 거예요!
평소 크림 파스타 좋아하시는 분이라면 강남 고기집에서 리조또를 꼭! 추천메뉴로 소개해 드리고 싶어요 ㅎㅎ
물냉면
개인적으로 양념고기는 된장찌개 혹은 냉면과 먹어야 제격이라고 생각하는데요
이날은 냉면으로 먹을까, 된장찌개로 먹을까, 두 개 다 먹을까 엄청 고민하다가
결국 물냉면으로 시켜 먹었어요!
최근에 방송에도 나온 냉면 맛집을 방문했는지라 ""실망하면 어떡하지?"" 고민했는데
막상 먹어 보니까 ㅎㅎ 국물 맛도 시원하고 면도 딱 알맞게 익어 있어서 좋았어요 ~~
오늘 제가 준비한 강남 고기집 식사후기는 여기까지예요!
논현 삼겹살 맛집 방문 계획 있으신 분들을 위해 웨이팅과 추천메뉴 관련 정보까지 적어보았는데
도움이 되었는지 모르겠군요 ㅎㅎ
포스트 내에 추가로 궁금한 점 있으면 댓글 남겨주세요 ~~
그럼 이만 뿅!"
[신논현역 <b>맛집<\/b> 미미옥 <b>강남<\/b>신논현점]-<b>강남<\/b>역 샤브샤브로... ,https://blog.naver.com/brandy923/223384868899,"미미옥 강남 신논현점
서울특별시 강남구 봉은사로4길 24 1층
미미옥 강남신논현점
주소: 서울 강남구 봉은사로4기 24 1층 (9호선/신분당선 신논현역 6번출구 216m)
영업시간: 매일 11~22시 (브레이크타임 15~17)
주차 1시간 무료(근처 공영 주차장)
9호선에 맛집들이 몰려있는곳중 하나가 바로 신논현역, 강남역과 논현역의 중간~오늘은 건강한 샤브샤브 맛집에 다녀왔습니다
한번쯤 가봐야지 했는데 샤브샤브 좋아하는 친구와의 약속을 신논현역 맛집 미미옥 강남신논현점으로 정했어요
예약은 캐치테이블로 가능하니 미리 예약하고 방문하시는게 좋을꺼구요
미미옥은 신용산을 자주가서 지나가다 본적이 있었는데 강남신논현점을 작년 10월에 새로오픈했다고 합니다
오픈시간에 맞춰서 예약해서 도착했구요 신논현에서 아주 가깝습니다
건물1층에 위치해있구요 아주 깔끔한 간판이 눈에 띄네요
드디어 신논현역 맛집 미미옥입장!
입구카운터를 지나면서 안쪽으로 길게 좌석이 배치되어있구요 입구에 재료가 쇼케이스에 다보이게 진열되어있답니다
재료가 자신있다는 말씀이시겠죠? 여기를 지나면 테이블이 보이구요 저희는 소파좌석으로 자리잡았답니다
일등손님으로 입장했는데 점심시간에 가까워져 오자 웨이팅을 해야하는 맛집이네요
일단 샤브샤브 메뉴부터 볼께요
미미옥은 샤브샤브와 곁들여먹는 메뉴 그리고 다양한 전통주와 하이볼이 유명하다고하네요
그래서 주류메뉴판이 굉장히 두꺼웠습니다
더중요한건 우리같은 애엄마들에게는 미미옥 강남신논현점은 웰컴키즈!!! 아이에게 청량고추나 생강을 빼고 순한맛 쌀국수를 무료로 제공
한다니 아이데리고 올 수 밖에 없게만드네요
쟈 그럼 메뉴판 구경할께요 세트메뉴도있고 육회,육전, 튀김 먹고싶은 메뉴가 진짜 많아요
샤브샤브에도 방아/능이/얼큰 이렇게 3가지 종류가 있구요 능이를 추가해서 먹는게 역시나 제일 가격이 비싸군요
우리는 약재로도 많이 쓰인다는 방아잎이 들어간 샤브샤브로 주문했습니다
쌀국수와 매콤꼬막비빔쌀국수도 너무 먹고싶지만 이미 너무 주문을 많이한상태라서 여러명이 와서 쉐어하기 좋은 메뉴들이 참 많아요
사진을 보니 하나하나 다 먹음직스러워 보여서 기대가 되는 샤브샤브
다양한 주류가 있다고해서 진짜 메뉴판이 따로 준비되어있는 주류메뉴판 우리는 가볍게 매실하이볼과 오미자하이볼을 주문했습니다
주문과 동시에 테이블에 육수부터 올려주시고 드디어 메뉴가 좌르르 나오기 시작해요
깻잎과 비슷하게 생긴 저 초록생이 방아잎이구요
몸에좋으니 왠지 우러난 국물도 몸에 좋을것 같은 느낌~
덜어먹는 그릇과 소스, 샐러드가 개인별로 먼저 제공되구요
양파절임과 김치는 기본세팅으로 나옵니다
드디어~~ 미미옥의 하이볼 등장이요!! 둘다 맛은 맛있었구요 저는 오미자가 더 상큼하니 맛있드라구요
점심이라서 가볍게 반잔씩만 마셨어요^^
샤브고기 등장이요~아주 신선해보이는 샤브샤브용 고기가 나왔구요 이어서 야채가 골고루 섞어서 한상나옵니다
고구마도 나오는데 직원분이 설명해주시며서 고구마가 제일 늦게 익으니 먼저 넣으라고 알려주시네요
테이블에 집게와 가위로 적당히 익으면 잘라서 드시면 됩니다
보글보글 고기와 야채가 어우러져서 소스를 찍어먹으니 진짜 맛있구요 방아의 독특향이 살짝 나기는 합니다
야채도 신선하고 고기도 아주 맛있었습니다
이어서 주문한 아롱사태수육~ 밑에 미나리인가요 수육은 야채와 곁들여서 소스를 안찍고 먹어도 쫄깃하고 맛있어요
처음엔 양이 많아서 둘이 샤브샤브에 아롱사태수육까지 먹을 수 있을까 했으나 완전 싹비우고 ㅋㅋ 죽까지 먹고 왔다는
식사와 곁들여도 좋지만 다양한 미미옥의 주류와 함께 술안주로 드셔도 좋을만한 메뉴였습니다
마지막 미미옥의 한우 육회!!!! 육회는 고기가 좋아햐하는데 합격! 플레이팅마져 꽃처럼 예쁘게 담겨져 나와서 사진을 엄청 찍었네요
계란 노른자 톡 터트려서 참기름 찍어먹으니 입안에 고소함이 확~퍼지면서 육질이 쫄깃한맛 맛있게 먹었습니다
다못먹어서 마지막꺼는 육수에 담가서 샤브로 ㅋㅋㅋㅋ
먹고있다보니 직원분이 쌀국수 사리와 죽사리를 가져다 주시고 어떻게 먹는지 설명을 해주시는데 결국 다해주시고 가셨습니다
감사해요
거의 건져먹고나서 남은 육수에 쌀국수투하!
쌀국수는 매우 금방 익드라구요 빨리 드시는게 좋구요 샤브샤브에 칼국수가 아닌 쌀국수도 별미였습니다
국물 적당히 남긴상태해서 표고말린고명에 밥과 나물 투하요~~ 계속 죽처럼 저어주시다가 국물이 쫄기 시작하면 조금있다가 드시면됩니다
말린표고버섯이 죽먹을때 씹히는 식감이 매우 좋았습니다
마무리로 죽까지 먹어야 샤브샤브의 완성이죠~진짜 점심한끼에 이렇게 맛있고 건강하게 먹어서 몸보신되는듯한 기분이 들었습니다
오랜만에 먹어서 그런지 샤브샤브 맛집 미미옥 강남신논현점 나중에 아이들 동반해서 함께 방문해야겠다고 생각했어요
영상으로 담아본 신논현역 맛집 미미옥 추천해드려요
신논현역 맛집 미미옥
재생
2
좋아요
0
00:00
00:56

접기/펴기
신논현역 맛집 미미옥
#신논현역맛집 #강남역맛집 #강남역샤브샤브 #강남샤브샤브 #서울샤브샤브맛집 #신논현역역샤브샤브 #논현역샤브샤브 #강남역쌀국수 #신논현역쌀국수 #강남쌀국수맛집 #신논현역쌀국수맛집#강남한식맛집 #신논현역한식맛집 #강남맛집추천 #신논현역데이트 #강남역데이트 #강남데이트장소 #강남역술집 #신논현역술집 #강남고기집 #신논현역고깃집 #강남하이볼 #서울3대샤브샤브 #샤브샤브맛집 #서울샤브샤브
[본 포스팅은 업체로부터 무료로 제공받아 솔직하게 작성된 후기입니다]"
<b>강남<\/b>역 양꼬치 <b>맛집<\/b> 양갈비보다 맛있는 양귀족 (내돈내산... ,https://blog.naver.com/eunhee1239/223375191848,"안녕하세요 위에 24울트라를 둔 사진으로
시작하는 짜모입니다.
이번에 24울트라가 색깔이 넘 잘 빠져서
친구랑 사전 예약 ㄱㄱ 하고
당일 먹은 저녁...ㅋㅋㅋ
삼성 강남에서 픽업해서 강남역 양꼬치 맛집을
가자고 했어요!
양귀족은 양갈비로도 같이 셀링을 하는 거 같은데
아...마파두부 때문에 정식을 시킬 거 같으면서도
여기는 양갈비보다 닥 양꼬치예요.
그럼 스타뚜.
강남역 양꼬치 맛집 양갈비보다 맛있는 양귀족 (내돈내산, 예약방법) 메뉴판
저희는 두 명이서 네이버 예약을 했어요.
비교적 널널하다 생각했는데 가보니까
예약을 안 하고서는 못 먹는다고 하더라구요.
저희는 네이버 예약으로 양꼬치 맛집을
예약 후에 갔는데, 예약하지 않은 사람들은
아예 먹지 못 했어요. (예약이 꽉 차서...)
강남역 양꼬치 맛집 양갈비보다 맛있는 양귀족 (내돈내산, 예약방법) 메뉴, 가격
2인분 세트를 시키면 마파두부를 서비스로
준다고 해서 2인분 세트(48000원)에 저희는
볶음밥 (7800원) 을 같이 주문했어요.
마파두부를 먹으면서 아 이건 볶음밥 각이다 했는데
진짜 볶음밥 각;
강남역 양꼬치 맛집 양갈비보다 맛있는 양귀족 (내돈내산, 예약방법) 메뉴, 가격
강남역 양꼬치 맛집 양갈비보다 맛있는 양귀족 (내돈내산, 예약방법) 테이블 세팅
처음 숯과 기타 반찬들은 세팅되어 있었어요.
예약 테이블로 가득 차서 그런지
오면 그때 내주는 게 아니라 미리
테이블 세팅을 해놨더라구요.
고추간장, 카레, 쯔란과 함께
콩볶음이나 짜사이 고수무침? 등이
세팅되어 있었어요.
그리고 한 곳에는 추가 향신료가.
핑크솔트 그라인더가 있는 게 신기했어요.
젓가락이 신기했는데, 짧은 일회용 나무 젓가락을
본 몸통에 붙이는 형태더라구요.
어차피 먹다보면 몸통에도 묻을 텐데.
위생을 위해서 이렇게 한 건가 싶으면서도
정말정말 굳이........스러운 젓가락이었어요.
지구야 미안해.
강남역 양꼬치 맛집 양갈비보다 맛있는 양귀족 (내돈내산, 예약방법) 2인분 세트 양갈비
버섯과 파인애플, 양꼬치 4개,
양갈비로 구성된 2인분 세트가 나와요.
처음에는 이걸 누구 코에 붙여... 했는데
마파두부에 볶음밥까지 먹으니까 배부르더라구요.
사실 그 둘로 배 채운 거 같아요 ㅋㅋㅋ
고기는 후기 보니까 구워주신다고 했는데...
바쁘셔서 그런가 들여다보면서
구워주지는 않으셨어요.
여쭤 보니 안 바쁠 때 구워주시는 모양이었어요.
강남역 양꼬치 맛집 양귀족 후기 (내돈내산, 예약방법)
재생
1
좋아요
0
00:00
00:13

강남역 양꼬치 맛집 양귀족 후기 (내돈내산, 예약방법)
강남역 양꼬치 맛집 양갈비보다 맛있는 양귀족 (내돈내산, 예약방법) 마파두부
아 근데 요 마파두부...아주 요물입니다.
진짜 마파두부가 양꼬치 다음으로
제일 맛있었다고 해도 과언이 아님 ㅋㅋㅋ
두부는 순두부 같이 부들부들하고
탱글한 두부였어요.
그래서 먹을 때 호록하고 흡입되는데
저 화자오나 향신료 향이 빡! 치고 들어와서
아주 자극적이고 맛있더라구요.
간혹 마파두부 중에 텁텁한 맛이
뒤따라서 으 ! 하는 경우도 있는데
다행히 이건 아니었고 오히려 너무 맛있었어요.
마파두부 완전 추천!
강남역 양꼬치 맛집 양갈비보다 맛있는 양귀족 (내돈내산, 예약방법) 양갈비
파인애플, 버섯, 양송이 들을 구워주셔요.
분명 후기에는 다 구워주신다고 했는데
저희는 좀... 저희가 주도적으로 구웠습니다.
(ㅜㅜ ) 강남역 양꼬치 맛집 중에서도
여기를 선택한 건 구워준다는 후기를 봐서인데
여쭤보니 바쁠 때는 가끔 돌아다니기만
한다고 하시더라구요.
그래서 저 가위는 제 친구가 자르는 모습입니다...
타기 직전이어서 자르지 않으면 안 됐어요.
강남역 양꼬치 맛집 양갈비보다 맛있는 양귀족 (내돈내산, 예약방법) 양갈비
하나 잘라서 먹고 있는데
갑자기 중간에 와서 또 잘라주심.
완전 다 하는 건 아니고 저희가
잘 뒤집고 있으면 또 오시는 모양입니다 ( )
강남역 양꼬치 맛집 양갈비보다 맛있는 양귀족 (내돈내산, 예약방법) 양갈비
양갈비에 쯔란과 고추 간장을
곁들여서 먹었었는데 고기가 맛있긴 하지만
부드럽지는 않아서 약간 실망...!
예전에 청주에서 어린 램만 사용한다는 집을 갔을 때에는
양갈비가 정말 부드럽고 기름이나 육즙이
쭉 나오면서 고소한 게 너무 좋았거든요.
양 특유 누린내는 거의 못 느꼈어요.
강남역 양꼬치 맛집 양갈비보다 맛있는 양귀족 (내돈내산, 예약방법) 양꼬치
그리고 양귀족의 대왕양꼬치.
이걸 왕양꼬치라고 해도 되나? 싶어요.
다른 양꼬치집의 양꼬치 큐브보다는
큰 게 맞는데... 아...대왕? 대왕...
살짝 의문스러운 감이 있다...
비록 양꼬치의 크기에서는 약간 실망했다만...
정말정말 맛있는 양꼬치 중 하나였어요!
일단 고기가 신선하고 다른 꼬치에 비해서 큐브가
좀 크다 보니까 조금 더 씹히는 감도 있었는데
이게 질기단 얘기는 절대 아니고 적당히 부드럽고
양고기 특유 감칠맛도 잘 돌았습니다.
2인세트가 아니라 양꼬치 마파두부 볶음밥만
시킬 거 같은 기분.
강남역 양꼬치 맛집 양갈비보다 맛있는 양귀족 (내돈내산, 예약방법) 볶음밥
그리고 볶음밥은 아주 평범한
계란 볶음밥이긴 한데 계란볶음밥이
그 특유의 기름 많은 느끼함 들이 있잖아요?
아 마파 두부가 싹 내려줍니다.
마파두부가 있다... 공기밥 대신
볶음밥 추천 드려요.
양귀족은 양갈비를 같이 주긴 하는데...
양꼬치 세트로 해서 마파두부 볶음밥 양꼬치
이렇게 세트로 나오는 거 있었음 좋겠어요.
개인적으로 양꼬치가 더 안 질기고 누린내도 없고
거의 소에 가까운 느낌으로 ... 먹었습니다.
양꼬치 개추...
저녁 식사로 가시려면 꼭 예약 하시고 가새는 거 추천.
그럼 빠잉!
#강남역양꼬치 #강남역양꼬치맛집 #강남역양고기맛집
#강남역양귀족 #강남양귀족 #강남맛집 #강남내돈내산맛집
#양귀족예약방법 #강남양꼬치맛집 #강남역내돈내산"
<b>강남<\/b> 뼈구이 <b>맛집<\/b> 학동역 뼈다구집정해장 회식장소 추천,https://blog.naver.com/zzanguna/223371055077,"술안주로 딱 좋은 강남 뼈구이 맛집 다녀왔어요
회식장소로도 좋은 학동역 맛집 추천드릴게요 !
학동역 1번 출구 부근 #뼈다구집정해장 다녀왔어요
여기 뼈구이, 뼈전골, 뼈해장국 등등 하나같이
다 너무 맛있다고 소문나서 가보고 싶었는데
이번에 가서 먹고 스트레스 왕창 풀고 왔답니다?
특히 뼈해장국은 사실 엄청 맛있다기보다는
식당마다 맛이 비슷하다고 생각했는데
여긴 찐이에요.. 배불러서 다 못먹을 정도
강남 뼈구이 맛집 뼈다구집정해장
50m
© NAVER Corp.
뼈다구집정해장
서울특별시 강남구 학동로 224 1층 109호
위치 서울시 강남구 학동로 224 1층 109호
(학동역 1번 출구 부근)
주차 1시간30분 지원가능(지하주차장)
영업시간(일요일 휴무)
평일 11:00 - 04:30
토요일 16:00 - 04:30
전화번호 02-541-8253
분위기는 레트로한 인테리어여서 편하게 즐기기
좋았던 곳인데요. 평일 늦은 시간이기도 했고
사람이 많을 줄 몰랐는데 여기 학동 회식장소로도
유명한만큼 많이들 술 한 잔 하고 계시더라구요
저희는 술 말고 밥 먹으러 갔지만 ㅎㅎ
점심시간에도 해장국 줄 서서 먹을 것 같다며
미리 예약하고 가면 이렇게 예약석도
정해주셔서 대기없이 즐길 수 있었어요
학동 맛집 메뉴
뼈다구집정해장 메뉴는 매운뼈구이와 뼈전골(2가지)
그리고 뼈해장국 등등 있는데요
저희는 매운 뼈구이(중) 로 주문했어요
중 사이즈인데 저희도 진짜 많이 먹는 편인데
다 못 먹고 남겼어요 양이 왕푸짐!
다 먹고 뼈구이파스타는 꼭 드셔봐야하니
파스타 배는 남겨두세요?
그리고 이 날 좀 으슬으슬해서 얼큰한 국물이
당겼는데 고사리 뼈해장국도 맛있다길래
하나 주문했답니다.
뼈구이에도 기본 맑은 해장국물은 나와요.
정해장을 맛있게 즐기는 세 가지 방법도 있었어요
뼈구이는 다 구워져서 나오니 조리시간이 살짝
걸리더라구요. 그래서 기다리는 동안 읽어봤는데
먼저 고기를 간장소스 / 쯔란소스에 찍어 즐기고
마무리로 크림 파스타 넣어 로제st 로 즐기면 완벽
기본적으로 테이블에 소금/쯔란/후추
그리고 간장 등이 셋팅되어 있는데요
저는 쯔란소스가 맛있더라고요
기본 반찬인 백김치와 깍두기도 나왔어요
저는 맵찔이라 머리에서 땀이 송글송글 맺힐 때
백김치 하나씩 먹어주었답니다
얼큰 뼈구이(중)
39,000원
얼큰 뼈구이는 먹기좋게 다 구워져서 나오니
맛있게 즐기기만 하면 되는데요
비닐장갑을 함께 주셔서 장갑끼고 뼈를
쏙쏙 빼서 즐기면 된답니다.
맑은 해장국물이 함께 나와서 너무 매울 땐
함께 먹어주면 좋더라구요
뼈구이 처음 먹어봤는데 매력에 완전 빠졌어용?
소스가 달짝지근하고 매콤해서 먹을수록 중독되는
매콤한 맛이었어요
먼저 간장과 쯔란 셋팅해주고 본격 즐겨주기
뼈가 살이 쏙쏙 잘 분리되기도 하고,
뼈 자체가 엄청 크고 살코기도 많아서
양이 진짜 많더라고요
떡도 쫀득쫀득하니 맛있었고요!
일단 고기 자체가 야들야들하고 맛있어서
배부른데도 자꾸만 먹게 되더라고요
술이 절로 생각나는 강남 뼈구이 맛집이었어요
저희는 귀찮아서 한 명이 장갑끼고 다 발라놓음
ㅋㅋㅋㅋㅋ바르다보면 손에 기름이 묻어서
그냥 한 번에 발라놓고 먹는 게 좋더라고요
간장소스, 쯔란소스 다채롭게 즐길 수 있으니
질리지 않고 계속 집어먹게 되는 매력 ❤️
매울 땐 맑은 해장국물 떠서 먹어주고요
국물도 푸짐하고 여긴 하나같이 다 푸짐해요 정말
그리고 새벽 4시까지 영업하니 모임장소나
회식장소로도 너무 괜찮은 곳이죠
뼈구이파스타(6,000원)
다 먹고 나서 파스타 추가해주세요!
말씀드리면 크림파스타를 팬 위에 추가해주시는데요
양이 진짜 푸짐하더라고요,, 6000원의 행복
잘 끓이고 섞어서 먹으면 된다고 하셨어요
매콤한 소스에 크림이 더해지니까 로제 맛도 나고
덜 맵고 부드러워져서 저는 진짜 맛있게 먹었어요!
남은 고기 살코기 같이 넣어주면 완벽해요 ㅎㅎ
얼큰 고사리 뼈해장국
10,000원
뼈해장국은 제가 학동역 부근 직장인이었다면
진짜 해장할 때 추울 때 맨날 먹으러 갔을 것 같았던
얼큰 고사리 뼈해장국!
해장국 국물 자체가 워낙 깊고 시원한데
거기에 고사리가 듬뿍 들어가서 진짜 얼큰하고
시원함 그 잡채 ㅠㅠ 고사리 좋아하는 저는
진짜 맛있다 연발하면서 엄청 먹었어요
보글보글 끓고있는 뼈해장국
보기만 해도 술 생각 절로나는 비주얼이죠
해장국에 고사리가 올라가 있어서 다른 곳보다
푸짐해보이는 줄 알았는데 양 자체도 정말 푸짐했어요
보통 다른 곳은 뼈가 2개 들어있잖아용?
이 곳은 3개 들어있더라고요
살코기도 많이 붙어있어서 아무리 먹어도
양이 줄지 않더라구요
고사리도 토핑용 아니고 푸짐하게 넣어주시니
아삭아삭 고사리 좋아하는 저는 맛있게 먹었어요
뼈 보이시나요,, 들고 찍다가 손이 부들부들 떨려서
사진 찍기 힘들었어요 ^ㅅ^
학동역 부근 점심 맛집 찾으시는 분들도
해장국 생각나면 다들 여기 가시길 ㅠㅠㅠ
진짜 역대급 맛있는 뼈해장국이었어요
국물도 얼큰하니 시원했어요
해장국 먹으면서 해장술 하는 분들 많겠다
생각했는데 이 날도 보니 해장국 1인 1그릇에
소주 드시는 분들 꽤 있더라고요
강남 뼈구이 맛집은 다음에 뼈전골도 도전하러
다시 가고싶을 정도였다니까요
밥 한 숟가락 야무지게 떠서 위에 고기, 고사리
올려서 먹어주면 환상의 맛이에요
해장국만 먹어도 푸짐하고 배부른데
밥까지 한 그릇 다 먹으면 남성분들도
진짜 배터질 수도 있어욤?
리뷰이벤트 참여하시면 아메리카노 공짜로
증정하는 이벤트도 하고 있었어요!
강남 뼈구이 맛집에서 든든하게 한 끼 하고
공짜 아메리카노까지 즐기면 물가 비싼 강남에서
행복한 식사 할 수 있어요 ❤️
강남 뼈구이 학동역 맛집 정해장 회식장소 추천
재생
2
좋아요
0
00:00
00:31

강남 뼈구이 학동역 맛집 정해장 회식장소 추천
#강남뼈구이 #강남맛집 #학동역맛집 #학동역회식 #학동역모임"
<b>강남 맛집<\/b> 도곡역 샤브샤브 선재,https://blog.naver.com/maysgirl/223383960740,"아직 내신 학원이 본격적으로 시작되지 않아
오히려 겨울방학 보다 더 여유로운 시간을 보내고 있는 아들과
재택 근무 일찍 마친 남편까지 세식구 함께
집근처 도곡역 샤브샤브 선재 에서 즐거운 외식 하고 왔어요~
강남 맛집 선재
언주로 30길 27 지하 1층
도곡역 1번 출구 도보로 3~5분 거리
건물 지하 주차 가능 1대당 2시간 무료주차 지원
연락처 0507 - 1310 - 9413
영업시간 월 - 일 : 11시 ~ 22시
라스트오더 21시 30분
브레이크타임 15시 ~ 17시
런치 이용시간 1시간 30분
디너 이용시간 2시간
50m
© NAVER Corp.
선재
서울특별시 강남구 언주로30길 27 지하 1층 선재
예약
강남 맛집 도곡역 선재는 무한리필 샤브샤브 전문점으로
디너의 경우 이용시간이 2시간 인데,
우리 가족도 이용해 보니 2시간 거의 꽉 차게 이용하게 되더라구요.
그렇다 보니 디너는 금새 예약이 차는거였어요.
이틀 전 예약 하려고 하니 지난주 수욜 예약 하려다 실패 했었거든요.
미리 미리 예약하고 이용하는게 좋을꺼 같아요^^
어쨌거나 일주일 전 미리 예약해둔 덕에
예약 확인 후 바로 자리 안내 되었어요.
무한리필 이라서 큰 기대를 하지 않았는데,
좌석이 모두 분리된 룸식당 으로 내부 인테리어가 꽤 고급스러웠어요.
3인 예약 했는데,
전달이 잘못 되었는지 2인 세팅 되어 있었지만,
2~4인까지 넉넉히 앉을 수 있는 좌석이라
1인 세팅 바로 해주셔서 금새 이용 가능했어요^^
강남 맛집 도곡역 샤브샤브 선재 첫 이용이라
주문과 리필 하는법 등 태블릿 사용 직원분께서 상세히 설명해 주셨고,
이용 방법 역시 친절하게 알려주셨어요^^
무한리필 샤브샤브 49000원 부터 이용 가능하고,
평일 점심의 경우 39000원 이라는 가성비 갑~
백합, 대접살 등 단품 추가도 되구요~
코스를 정한 뒤에는 8가지 육수 중에서 선택해야 하는데,
육수에 따라 식사메뉴도 차별화 되어 고르는 재미가 있더라구요.
다시육수와 일본식 죽, 얼큰매운육수와 미나리 볶음밥, 들깨버섯육수와 들깨 칼국수
스키야끼육수와 야끼우동, 한방마라육수와 마라탕면, 참깨탄탄육수와 로제 탄탄면,
채소육수와 한우 양배추 쌀국수, 토마토육수와 토마토 로제 리조또
저희는 아들이 우동 먹고싶다 그래서 스키야끼 육수로 고르고
주문 마친뒤 샐러드바 이용하러 갔어요.
이렇게 주문이 완료되면 그 때부터 2시간 이용시간이 적용 되더라구요.
표고버섯, 느타리버섯, 미나리, 적근대, 민가닥버섯, 단호박, 숙주, 배추, 청경채 등
일단 야채가 정말 싱싱 했는데요.
전국에서 올라온 채소는 경매인을 통해 직접 시장에서 눈으로 확인하고,
하나 하나 구입한다던데 이런게 강남 맛집 비결 아닐까 싶었어요^^
밑반찬으로 돌산갓 장아찌가 있었는데,
요것도 별미~
소스는 기호에 맞게 직접 만들어 먹을 수 있도록 되어 있어 요것도 좋았구요.
청포도, 유자, 매실, 히비스커스 다양한 베이스 원액에
셀프 탄산바 까지 준비되어 있어
시원한 에이드도 아주 맛있게 즐겼어요~
처음 주문한 고기는 3종류가 요렇게 3단 찬합에 나오구요~
도곡역 샤브샤브
재생
0
좋아요
0

도곡역 샤브샤브
부족하면 태블릿 이용해 원하는 고기로 무한 리필 가능했어요.
육수가 끓어 오르면
버섯과 야채 먼저 넣어주고
각자 원하는 고기를
기호대로 만든 소스에 듬뿍 찍어 맛있게 먹어주기만 하면 되는
도곡역 선재 의 무한리필 샤브샤브를 즐기는 방법~
샤브샤브 맛있게 먹고 식사로 야끼우동 까지 배부르게 마치고 나면
마무리는 달콤한 아이스크림 으로
물론 차를 선택할수도 있지만,
저희는 셋 모두 마카다미아 아이스크림 으로 했어요^^
모든 코스와 후식까지 너무도 만족스러웠던 강남 맛집 선재~
자주 이용하게 될꺼 같아요^^"
"<b>강남맛집<\/b> 신논현역 단체모임, 데이트 코스는 중식 천국... ",https://blog.naver.com/ohna8085/223366682391,"술 먹고 다음 날, 해장이 필요한
순간이라 다름 아닌, 중식집을
찾게 되었는데 집에서 먹기에는 조금
그렇고 나가서 먹기로 결정했어요.
근데 막상 나오니까 어디로
가야 할지 몰라서 하염없이
걷고 또 걷다가 보배 반점을
발견하게 되었답니다.
매장명: 보배반점 강남점
매장주소: 서울 강남구 강남대로94길 19 1층
50m
© NAVER Corp.
보배반점 강남점
서울특별시 강남구 강남대로94길 19 1층
예약
지나가다가 우연히 발견한
보배반점인데 인터넷 검색을
해보니까 여기만 있는 게
아니라 다른 지역에도 있었어요.
리뷰를 보니, 맛도 좋고
해장용으로도 아주
좋다고 얼큰하다는 말에
기다렸다는 듯이 들어갔어요.
신논현역맛집은 다른 중식집과
달리 셀프바가 있었답니다.
작은 접시에 먹을 밑반찬을
덜어오면 되는데요.
이러한 셀프서비스가 저는
너무 좋고, 남기지 않을 수
있어서 이 부분도 좋은 것 같아요.
양파에 춘장도 빠질 수
없기에 야무지게 준비해 줍니다.
약간 양파를 먹으면 클린한
느낌이 들어서 좋더라고요.
역시, 센스 만점 앞치마도
준비가 되어 있어 좋은 것 같아요.
강남데이트코스로 이곳을
한 번씩은 올 정도로 높은 인기가
있는 음식점이더라고요.
좌석은 2인석도 있고
4인석도 있었고 단체로
앉을 수 있는 공간도 있었어요.
그러나 2인석의 비율이 조금
더 많은 듯한 느낌이 들더라고요.
아무래도 혼자 식사하러 오는
사람도 있고 커플이나 친구, 지인 등
소수의 인원이 온다고 해요.
술집으로도 유명하다는데
이걸 보자마자 왜 유명한지
단번에 알 수 있겠더라고요.
아까 가지고 온 밑반찬과
강남중식맛집에서 뭘 먹을지
주문을 마치고 기다리면 돼요.
상다리가 부러질 정도의
한 상 가득 주문 하였답니다.
원래는 짬뽕탕만 먹으려
했었는데 보다 보니 메뉴가 조금씩
새어 나가기도 하였어요.
그냥 탕수육을 먹을까 했는데
아무래도 해장이라 사천으로
먹자는 의견이 나와서 이걸 시켰어요.
위에 청양고추까지 야무지게 썰려서
해장 제대로 할 것 같네요.
이렇게 보니 강남단체모임할 때
여길 와도 좋더라고요.
이건 쟁반짜장인데 양이
진짜 많아서 놀랄 정도였어요.
보통 강남맛집이라고 하면
보배 반점이라는 말이 나올 정도로
인기가 많다고 들었거든요.
근데 왜 인기가 많을까?
이 생각을 계속 하고 있었는데
음식 나오는 거 보니,
그럴 수 있겠다 싶었어요.
그리고 플레이팅을 진짜
이쁘게 하시는 것 같았어요.
그냥 대충 담는 것도 아니고
보는 사람 눈도 즐겁게 말이죠
신논현역맛집에서 가장
큰 기대를 가지고 있었던 건
바로 이 연유 꽃빵이랍니다.
과거에 한 번 먹어본 적
있었는데 그때 엄청
인상 깊게 남아있었거든요.
살찌는 소리가 들리지만
연유 콕 찍어서 먹으면
진짜 달달함과 바삭함 끝이에요.
애초에 해장하러 온 거라
오늘의 시그니처 짬뽕탕이에요.
국물이 엄청 개운하고 또 안에
해물도 듬뿍 들어가 있어서
먹는 내내 해장이 제대로 되었답니다.
그리고 먹다 보니 옆에 커플도
같이 와있었고 뭔가 강남데이트코스
음식점으로도 좋아 보이네요.
안에는 해물도 듬뿍, 그리고
면발도 엄청 꼬들꼬들 한답니다.
쫄깃해서 그런지 더 맛있었고
강남맛집이라는 이름이 왜 붙었을까
이런 생각 싹 사라지게 했어요.
이건 튀김 옷이 매우 중요하거든요.
너무 바삭하지도 않고 그렇다고
눅눅하지도 않게 만들어야 하는 음식 중
하나이기 때문에 먹으면서도 그 부분을
중점적으로 느끼게 되더라고요.
여러 메뉴를 시키고 이렇게
나눠서 먹으니까 너무 좋았어요.
사실 짬뽕만 먹을 생각이긴
했지만, 다른 음식들도 당긴 것은
사실이기 떄문이죠
강남중식맛집은 메뉴 구성이 다른
중국집처럼 다르다는 걸 알 수 있어요.
보통은 짜장면, 짬뽕, 탕수육 이 정도로만
판매가 되는데 여긴 종류가 무척 다양하거든요.
그래서 선택지가 매우 넓다는 장점이 있어요.
여기 통오징어 들어간 거 보이시나요?
이게 보배 반점의 클래스랍니다.
얼마나 쫄깃한지, 강남단체모임 하러
오시거나 약속이 있으시다면 꼭
드셔보시길 바라요.
사람들의 방문이 많다 보니
자연스럽게 강남맛집이라는
소문이 퍼진 것 같았어요.
오는 사람마다 다 맛있다고
한마디씩 하니까 저도
그 말에 너무 공감이 갔어요.
비주얼이 진짜 너무 최강이라
이거 이길 자는 없을 듯했어요.
매콤하고 식감도 대박이에요.
참, 이거는 이렇게 매콤
소스를 부어 먹는 방식이
있는데, 엄청 칼칼하고
감칠맛 맴도는 신논현역맛집이에요.
사실 양념 한 입 먼저
콕 찍어 먹어봤었거든요.
제가 좋아하는 스타일이었어요.
저는 아직 애인이 없지만
혹시라도 나중에 생길 때
강남데이트코스로 여기를 와보면
좋을 것 같단 생각도 들어요.
중국 음식 하면 대부분
가볍게 생각하는 경우도 많은데
여기는 가볍게 먹을 공간이
아니라 엄청 기품 있어 보인답니다.
퀄리티가 좋고 비주얼도 남다르다 보니
그냥 가벼운 식당이란 느낌은 전혀
들지 않아 좋았던 것 같아요.
강남맛집처럼 이 주변에는 먹거리가 매우
푸짐하긴 한데, 보배 반점이 그중에서도
상위 10위 안에는 들어갈 것 같더라고요.
너무 매운 것만 먹으면
속 버릴 수도 있으니
우육탕면도 시켰답니다.
우가 소고기를 뜻하거든요.
고기 살들이 얼마나 부드러운지
안 그래도 치아 교정 중이라
먹는 게 조금 불편하거든요.
강남중식맛집은 전체적으로
식감까지 너무 좋았네요.
오징어도 통으로 들어가니까
비주얼이 더 사는 것 같았어요.
국물도 개운해지고, 해장으로
진짜 좋은 메뉴였답니다.
오늘은 이렇게 해장을 위해
강남단체모임 후 보배 반점에
오게 되었는데 전체적으로
높은 퀄리티, 그리고 맛까지
좋아 뿌듯했답니다.
혹시라도 강남맛집 찾으시는 분
보배 반점 꼭 와보세요.
진짜 후회 없을 겁니다.
#보배반점강남점 #강남역맛집 #강남맛집
#신논현역맛집 #강남모임 #강남역회식장소
#강남역중식당 #강남역술집
#강남중식맛집 #강남역놀거리
소정의 원고료를 지급받아 작성된 주관적인 후기입니다."
<b>강남<\/b> 순대국 <b>맛집<\/b> 찾아 삼만리 드디어 발견한 대청역 한식 밥집... ,https://blog.naver.com/sain86/223379686392,"최근 제가 맡고 있는 프로젝트가
있는데 그게 마무리 되는 날이었어요.
그런데 제가 너무 피곤해서
늦잠을 자게 되었고 꼭 필요한
서류를 집에 두고 출근하는 바람에
아빠에게 부탁할 수 밖에
없었습니다.
아빠는 한달음에 서류를 가져다
주셨고 오셨는데 강남 밥집에서
식사 대접을 해야 할 것 같아서
강남 맛집을 급하게 찾았고
대청역 맛집으로 모셨어요.
매장명: 신의주찹쌀순대
매장주소: 서울 강남구 양재대로27길 6
50m
© NAVER Corp.
신의주찹쌀순대
서울특별시 강남구 양재대로27길 6
회사가 대청역이랑 가까운데
대청역 4번 출구에서 509m 도보로
걸어가면 1층 코너에 위치해서
아빠도 금방 찾을 수 있었다고
하셨고 규모가 꽤 커서
강남 한식 드시러 먼저 들어가
계신다고 하셨어요.
회사 사람들에게서도 강남 맛집은
점심때 진짜 힐링 식당으로 유명하고
그래서 그런지 항상 앉을 자리가
없이 꽉 들어차있고 대기하고
그래야 했어요.
단체석도 있고 강남 순대국 맛집
진짜 유명해서 아빠도 오고
싶으셨다고 하셨어요.
그래서 강남 맛집에 앉으셔서 절
기다리셨는데 냄새가 너무 좋아서
미리 주문하셨다고 하셨어요.
저도 서둘러 일을 마무리 하고
강남 밥집으로 가게 되었고
아빠랑 만나 맛있는 식사를
할 수 있게 되었어요!
발표를 제가 하는 것은 아니라
반차를 낼 수 있었고
반차 낸 김에 아빠랑 대청역 맛집에서
술도 한잔 하고 집에 가서
푹 자고 싶어서 설레는 마음으로
들어갔습니다!
앉자 마자 순대정식이 나왔고
야채철판볶음 주문해달라고 해서
주문해서 기다렸습니다.
기다리면서 국물 한술 떴는데
저야 자주 대청역 맛집에 와서
먹는 맛이라 익숙한데 이날도
역시 강남 한식 맛있었어요.
야채철판볶음이 나왔고
한 술 드셔보시더니
강남 순대국 맛집 맞다고
좋아하셨어요.
볶음은 진짜 오랜만에 먹는건데
고소한 향과 채소향이 조화롭게
코를 자극하는데 배가 너무
고팠어요.
강남 밥집 밑반찬과 함께
먹는데 진짜 신선하고
아! 여기는 깍두기, 생채를 직접
담가서 숙성시켜 맛을 내는
곳이라 다른 곳이랑 조금
달라요.
진짜 맛있습니다.
특히 이 날 부추가 싱싱해서
먹을때 기분을 좋게 했어요.
순대랑 정말 조화로울 것
같았습니다.
국물에도 많이 넣어 먹지만
저는 그냥 고기랑 같이
집어 먹을때 먹으려고 국물에
잘 안넣는 편이에요.
숙성시킨 깍두기랑 함께 먹는
것은 국물!
국밥 먹을 때 챙겨 먹고
저는 피클처럼 먹었어요.
찬이 기본적으로 강남 한식 타이틀을
지킬 수 있게 되어 있으니까
메인 요리들도 진짜 하나같이
맛이 좋았습니다.
사리도 가득 들어있고 이 날
진짜 떡이 너무 맛있었습니다.
적당하게 잘 익어서 양념도 잘
베어 있고 좋았어요.
쫀득 쫀득 진짜 맛있어요.
덜어드리고 제 몫도
덜고 맛보시더니 소주 시키자고
하셔서 소주 바로 주문 했습니다.
진짜 강남 순대국 맛집은
시간과 상관 없이 반주 하시는 분이
종종 눈에 보일 수 있고
그 정도로 진짜 완벽한
메뉴들이었어요.
일도 끝냈겠다 아빠랑 같이
있겠다 싶어서 맘놓고 마시고
즐겼어요.
뭔가 속 얘기도 편히 하고
일하면서 힘들었던 이야기를
나눌 수 있어서 좋았습니다.
솥에서 팔팔 끓여지는 국물을
보니까 맛이 궁금했는데
한숟가락 푹 떠서 맛봤는데
국물에서 깊은 맛이 장난아니라고
하시면서 즐겁게 식사하셨어요.
순대정식 순대는 나눠서 맛볼
정도의 양이 되었고 양념이
뭍지 않은 순대를 먹는 거라
양보를 많이 했습니다.
아버진 그냥 순대랑 소주
드시고 싶으신 분위기여서
드렸는데 잡내 하나 안나고
속이 꽉 차 있다고 좋아하셨어요.
국밥 안에 건더기가 가득 해서
국물만 떠오르는 법이 없었어요.
양도 엄청 푸짐해서 푸짐하게
먹을 수 있었습니다.
워낙 허기졌었고 강남 순대국 맛집에
왔기 때문에 오버해서 먹기
시작했는데 진짜 시간 가는 줄
모르고 먹고 마시고 했어요.
보통 점심시간 1시간 급해서
이런 여유 부리지도 못하는데
너무 행복하네요.
남으면 포장 되냐고 주문할 때
여쭤봤었는데 남길 것이 있을까?
싶을 정도로 계속 먹었어요.
순대가 속이 꽈악 차서
통통한 것이 실했어요.
씹을 때 톡톡 터지는 느낌도 있고
진짜 맛있어요.
고소하기도 하고
한잔이 두잔 되고
두잔이 세잔 되어 결국 한병을
마시게 되었고 멈출 수 없었어요.
술마저도 달게 만들어서
진짜 모임하러 오시면 좋을 것
같아요.
실제 우리는 여기서 저녁에
소소하게 회식할때도 있고
그런 시간을 보낼 때가 있는데
좋거든요.
새우젓에 깔끔하게 먹어 보기도
하고 시간이 좀 흘러 식었는데
식으면 냄새가 확 올라오는데
여기는 식어도 냄새가 덜 해서
놀랐어요.
양이 진짜 많아서 너무 기쁘고
볶음 양념이랑 조화롭게
어우러져서 맛있게 먹었어요.
계속 앞접시에 덜고 덜어도
줄지 않는 양에 놀랐어요.
저는 이제 이 잔이 마지막 잔
해야 할 것 같아요.
너무 많이 마시기도 하고
먹기도 했어요.
아버지는 강남 순대국 맛집에서
즐거워 하셨어요.
양념 중독 되는 맛이에요.
아버지도 더이상은 안되겠다고
포장을 선언하셨고 저도 집가서
다시 먹자고 할 정도로
양이 많아서 진짜 위안 받는
느낌이에요.
여러번 앞접시에 덜고 덜고
해서 먹었는데 양이 많아서
새로 서빙된 음식 같은 느낌이에요.
야채도 진짜 많이 들어있고
간도 적당하고 조화롭게 맛있어서
즐거운 식사였습니다.
이런 갑작스러운 데이트!
너무 좋네요!
국물도 진하고 최상급 쌀로
밥을 지으셔서 진짜 국밥맛
엄지손가락을 치켜들게 합니다.
고기도 많이 들어있고 고소한
향과 매콤 짭짤한 양념은
계속 생각나게 만들었고
한번만 더 먹고 한번만 더 먹고를
반복해서 아빠랑 한번 더 덜어서
먹고나서야 끝이 났어요.
술도 오버해서 마시긴 했지만
부추랑, 헛개차, 그리고 국밥이
다시 제 정신을 부여잡게 해주었고
화장실도 다니기 편해서
좋아요.
술먹을 때 화장실 중요하잖아요.
가끔 오는 식당인데 이렇게
이런 시간대에 또 가족이랑
즐기니까 색다르고 재밌네요.
순대 좋아하시면 한번쯤
들러서 드셔보시는 것도
좋을 것 같습니다.
소정의 원고료를 지급받아 작성된 주관적인 후기입니다.
#신의주찹쌀순대 #일원동맛집 #강남맛집 #삼성서울병원맛집 #일원동순대국 #강남해장국 #일원동밥집 #강남핫플 #서울3대순대국"
<b>강남 맛집<\/b> :: 풍자 또간집에 나온 떡도리탕 캐치테이블 웨이팅... ,https://blog.naver.com/rosy_seo/223384766002,"#강남맛집 #강남역맛집 #떡도리탕
#풍자 #또간집 #웨이팅맛집
다녀온지 조금 됐지만,,
진짜진짜진-짜 맛있었고,
강남에서 이렇게 '맛집'이라고 할만한 데가
또 있을까- 싶은 생각에 남겨보는
맛집포스팅 강남 떡도리탕 :)
떡도리탕 강남본점
서울 강남구 테헤란로1길 28-9 1층
11:30 - 22:30
(일요일 및 공휴일 11:30 - 22:00)
*Break Time 15:30 - 17:00
*Last Order 14:30, 21:30
(일요일 및 공휴일 21:00)
🚗 주차 불가
📌 캐치테이블 웨이팅 가능
0507-1352-2940
50m
© NAVER Corp.
떡도리탕 강남본점
서울특별시 강남구 테헤란로1길 28-9 1층
예약
사실 풍자 유튜브 또간집을 몰랐던지라
떡도리탕 자체도 처음 들어봤는데
오히려 그래서 우리는 잘 모르지만 유명한거
-라는 이유로 간택되었다,,ㅋㅋㅋ
근데 미리 찾아보니 평일 저녁에도
캐치테이블 예약, 웨이팅이 치열한 곳이래서..
우리 일행들 다 긴장 빡(?) 하고
캐치테이블 줄서기 오픈되는 5:00pm 에
땡 맞춰서 각각 대기 걸어본....ㅎ
이렇게 캐치테이블을
대기타면서 걸어보기는 또 처음일세,,
(그만큼 웨이팅 있는 곳을 잘 안가지만;)
이렇게 캐치테이블로 웨이팅을 걸면
차례차례 내 순번이 오는 게 보이는데
혹시라도 아직 도착 전이거나
타이밍을 조금 더 미뤄야 한다면
최대 2번까지 미룰 수 있으니 참고..!
(+)
2번 미루고 나서는 웨이팅이 취소 되지만,
그러고나서 또 다시 웨이팅을 걸면
다시 2번 미루기가 가능하게 됨!
단, 그날그날 매장 컨디션에 따라
웨이팅 자체를 일찍 마감할 수 있으니
이 점 유의하기,,
우리는 5시 땡 하고 웨이팅을 잡긴 했는데,
넷 중 하나가 퇴근 전이여서
최대한 6시 부근으로 웨이팅을 미루느라
각각 취소하고 다시해보고 등등..
나름의 눈치게임을 했다 😏
그러다가 어느 시점에-
'이젠 취소하면 너무 밀린다' 는 느낌으로 쎄해서
부랴부랴 셋이서 먼저 식당으로 이동 🏃🏻‍♀️🏃🏻‍♀️🏃🏻‍♂️
가게 바로 앞에 작게 웨이팅 공간이 있고,
아예 밖에 맞은 편에도 여유 공간이 있어서
빽빽하게 기다리는 느낌은 아닌 정도..!
다만, 평일에도 이렇게 대기가 있는 걸 보면
주말에는 절대 못오겠다 싶었다 ^^;;
요 앞에 있다 보면 중간에 직원분이 나오셔서
@@번 손님 계세요~?! 물으시면
그때 대답하면서 웨이팅 번호 보여주면 되고,
그러고나면 테이블 정리중이라고
조금만 기다려주세요- 하고 들어가셨다가
다시 나오셔서 들어오라 안내 해주시는 식 :)
*
다른 몇몇 후기들을 보니
캐치테이블 웨이팅 5번째 이내에 접어들면
가게 앞에 있어야 하고,
없으면 노쇼로 알고
가게에서 웨이팅을 취소한다고 하니..
가능한 7번째 내외 쯤이 되면
바로 가게로 가는걸 추천 😮 ;;
내부는 제법 넓고 쾌적한 편이다 🙄 !!
몇몇 글을 찾아보니
예전에는 더 작은 노포였는지
지금 가게가 확장이전 된 곳이란다-
은근히 왁자지껄 시끌시끌 하긴 해도
너무 복닥복닥 다닥다닥은 아닌 정도여서
이정도면 괜찮지- 싶은 정도였달까 :)
#강남역맛집 #강남떡도리탕 #강남저녁맛집
아직 퇴근 전인 친구가 오기 전이지만,
일단 자리에 앉아서 주문부터-
(사실 자리에 앉아서 주문을 했었는지,
밖에서 웨이팅 확인하실때 주문했는지
정확히 기억이 안난다 ^^;;)
우리는 여자3, 남자1 조합으로
두말없이 떡도리탕 大(대)로 바로 주문했는데,
혹시 여자만 넷이면
대자 조금 고민은 될 듯...?;;
(그만큼 양이 넉넉했음!)
메인 메뉴가 단일메뉴인만큼
주문하고 거의 바로 세팅 :) !!
그리고, 미리 어느정도 조리된 거라
떡만 조금 익히고 먹으면 된다고
가볍게 안내해주셨다 bb
대 사이즈 여서 양 자체도 더 많겠지만
오동통한 떡들이 정말 푸짐하게 올라가 있어서
오히려 닭이 잘 보이지 않을 정도 😆ㅋㅋ
이때 팁은, 끓이다보면 국물이 넘칠 수 있어서
초반에는 빈 그릇에 국물을 몇국자 덜어내는 게
잘 끓이는 방법이라면 방법-
(...은 지나가던 직원분이 그렇게 해주심ㅋㅋ)
강남 맛집 떡도리탕 강남본점
재생
1
좋아요
0
00:00
00:18

접기/펴기
강남 맛집 떡도리탕 강남본점
그렇게 보글보글 맛있게 끓이다가
뒤적뒤적 하다보면 떡도리탕 완성..!!
사진만으로도 먹음직...👀💗
사진은 좀 새빨개보이지만,
맵기는 따로 조절 안한 기본 맵기로
신라면 정도 쯤이었던 듯 싶다 :)
무엇보다 저 떡이 말랑탱글 정말 맛있었는데..!!
평소에도 거의 주 1회 이상 떡볶이를 먹는 내게
너무너무 취향이었던 떡도리탕,,😍
물론, 보이다시피 다소 간이 세고
자극적인 MSG 맛도 강한 편이라
이런 맛을 좋아하지 않는 분들께는
좀 짜게 느껴질 수 있을 것 같다,,
그래서 밑반찬인 콩나물을 같이 곁들여 가며
간을 맞춰 먹는 것도 나름의 팁인 듯 :)
사실 나는 그런거 잘 모르겠고
그냥 단순하게 맛있게 먹었찌만-!!
분명 처음에는
이따 사이드 감자전 시키자-고
했던 것 같은데..
막상 먹다보니 필요 없어짐
(배부름 ㅋㅋㅋ;;)
아무튼, 닭고기보다 떡이 아쉬울만큼
떡도리탕은 말랑쫀득한 떡이 진짜 맛있었다
👍👍👍
그런데 배부른 건 배부른거고,,
볶음밥은 먹어야지 (응?)
볶음밥을... 하나 했던가, 둘 했던가..?
(아마 둘이었던 것 같지만)
이미 떡으로 한참 배가 부른 상태였지만,
그래도 안 먹고 가기엔 섭섭한 볶음밥-
매콤달콤하게 진했던 떡도리탕 국물이
그대로 베어들면서 김가루랑 곁들여지니
이건 이거대로 별미였다 bb
덕분에 우리 ㄱㄹ 냄비째로 박박 긁고..
ㅎㅅ이는 그거 다 먹지 말라 하고 있고..
ㅋㅋㅋㅋㅋㅋㅋ
그렇게 볶음밥은 몇숟갈만 대고
먼저 끝나버린 나랑 ㅅㅈ 까지,,
ㅋㅋㅋㅋㅋ
와 지금 보니 폰 바꾸기 전에 다녀왔네?!
우리는 한 1시간 정도만에 금방 나왔는데,
우리 뒤에도 계속 웨이팅은 있었고..
아무래도 시간도 시간인데다
반주를 곁들이는 분들도 많아서
테이블 전환은 좀 더딘 것 같았다
= 떡도리탕 저녁 캐치테이블 웨이팅은
일단은 5시 땡 하고 잡는 게 제일..!
🙄🙄🙄
다음에 또 먹고 싶긴 한데..
내가 또 도전을 하게 될랑가-
그건 의문..ㅎ"
여러 부위를 한번에 즐기는 <b>강남<\/b>역 고기 <b>맛집<\/b> '다몽집',https://blog.naver.com/kmgpjs/223358296566,"대망의 스드메 투어를 가는 날!!!!!
가기전에 고기라도 먹어야 긴장 풀릴 것(?) 같아서
바로 강남역 고기 맛집 다몽집으로 달려갔다ㅋㅋㅋㅋ
강남역과 신논현 역 사이 CGV건물 골목에 위치~
이 골목은 올라갈 땐 괴롭지만 맛집이 밀집해 있다😋
언덕길 힘들죠? 그럼 여기로 들어와야지.
ㅋㅋㅋㅋㅋㅋ 미쳐 증말 ㅋㅋㅋ 모두가 공감할만한 멘트
월-금 15:30 ~ 23:00
토-일 13:00 ~ 23:00
다몽집 신논현본점은 피크타임에 웨이팅이 있는데,
웨이팅 호명 당시 현장에 없으면 순서 넘어간다ㅠㅠ
매장 앞에 의자도 있으니 꼭 기다리세요!!
웨이팅 번호 70번까지 있는 거 실화냐고요ㅋㅋㅋㅋㅋㅋ
다몽집 입구 들어서마자 전통주가 한가득!!!
합리적인 가격으로 테이크아웃 할 수 있어서 신기했다
전통주 쇼핑몰에 없던 것들도 많아서 한참 구경ㅎㅎ
패키징이 너무 예쁜 술들 ❤️
가격이랑 도수도 상세히 적혀 있어서 고르기 편하다
다몽집 매장은 강남역 고기맛집답게 매우 넓다
안쪽으로 쭉~~ 길게 테이블이 배치 되어 있음
주말이랑 피크타임엔 이 자리가 꽉 찬다는 게 신기🤣
우리는 주말 점심에 가서 거의 12시 땡 치자마자 입장!
이미 한 테이블이 자리 잡고 주문 중이었다
📍강남 맛집 다몽집 신논현본점 메뉴판📍
양념 본갈비(소), 등덧심살(돼지), 연목살(돼지) 등
다몽집만의 특별한 메뉴부터 삼겹살, 깍두기 항정살까지~
사이드가 아주 다양하게 한참 고민했다
우리는 고기 세 종류를 다양하게 먹어볼 수 있는
커플세트와 한우 육회 물회 주문
아까 카운터에서 봤던 전통주들도 있다
술 메뉴가 다양해서 모임이나 회식으로도 적격일 듯!
요새로제 먹어보고 싶었는데 일정 상 참았다😇
다몽집 고기 더 맛있게 즐기는 방법
맛있게 먹으려면 메뉴 나오기 전 예습은 필수입니다 💫
Next image
파채, 무추무침, 무장아찌, 무생채, 깻잎장아찌
+) 고기에 찍어먹을 여러 양념들
양념 본갈비, 연목살, 깍두기항정살 등장~~~
초벌로 80% 정도 구워져 나와서 금방 먹을 수 있다🔥
거의 다 구워져 나와서 겉만 살짝 더 익혀 먹는 느낌
안 기다리고 바로 먹어서 넘 좋다,,,
성격 급한 한국인들에게 아주 좋은 강남 고기 맛집ㅋㅋㅋ
다몽집 신논현본점
재생
4
좋아요
0
00:00
00:09

다몽집 신논현본점
소랑 돼지랑 무려 세 종류 한번에 먹기 ❤️
깍두기항정살은 진짜 네모 반듯해서 모양이 귀여움ㅋㅋㅋㅋ
가장 먼저 연목살부터 구워 주셨다
첫 입은 와인소금으로 깔끔하게 먹어보기 추천~!
나랑 남친이랑 둘다 연목살이 젤 맛있다고 함👍👍👍
아까 미리 예습한 조합으로 먹기 ㅋㅋㅋㅋㅋ
무생채 많이 안달고 시원해서 맛있었음!!!
강남 맛집답게 역시나 반찬 조합까지 굿굿 ㅎㅎㅎㅎㅎ
고기 먹다가 잊고 있던 한우 육회 물회 ㅋㅋㅋㅋ
뭔가 국물처럼 시원한 게 먹고 싶어서 시켰다
다몽집 신논현본점
재생
2
좋아요
0
00:00
00:12

다몽집 신논현본점
육수에 양배추, 상추, 김가루, 깨가 올려져 있고
안에 소면도 조금 들어있어서 식사 대신 시켜도 무난 ㅎㅎㅎ
육수는 신 맛이 적은 육수였다
다급해진 손놀림 ㅋㅋㅋㅋㅋㅋ
고기랑 시원한 국물이랑 먹으니 좋았다 묵사발도 먹어봐야지
배가 불렀으니 역시나 포기할 수 없는 탄수화물
다른 고기집에서 잘 볼 수 없는 대게내장볶음밥 주문~
그릇이 작아서 양이 적어 보이는데 생각보다 깊숙하다 ㅎ
오~~~
대게 내장 맛이 진하게 날까? 했는데
생각했던 것보다 더 괜찮았음!! 담에 또 시킬 것 같다
녹진한 대게 내장 + 참기름 폭탄이라 감칠맛 미쳤당👏
사이드까지 맛있는 강남역 고기 맛집 맞는 듯~~~
마지막에 계산하면서 직원분이 아이스크림 주신댔는데
정말 너무 x10 배불러서 못 먹었다 🥲
여러분은 꼭 마지막 디저트까지 드셔주세요!!!!!
50m
© NAVER Corp.
다몽집 신논현본점
서울특별시 강남구 강남대로100길 13 지하1층/2층 다몽집
📍서울 강남구 강남대로100길 13 지하1층/2층 다몽집📍
강남 맛집 밀집한 CGV 골목이라 찾기 쉬움!
#강남역고기맛집 #강남고기맛집 #신논현역고기맛집
#다몽집신논현본점 #강남cgv맛집
이 글은 리뷰노트를 통하여 본 업체에서
서비스를 제공받아 작성된 글 입니다"
<b>강남<\/b>역햄버거<b>맛집<\/b> 재방문했던 버거스올마이티 존맛 후기,https://blog.naver.com/dinnernin/223381508921,"강남역수제버거 재방문했던 버거스올마이티 존맛 후기
dinnernin' playlist
서울 강남 햄버거 맛집 수제버거 전문점에서 수제맥주까지 함께 즐길 수 있는 이곳은
바로바로
🍔🍺 버거스올마이티강남점 🍔🍺
강남역에 자주 오는 나와바리인데 이 햄버거집을 지나갈때마다 늘 먹어보고 싶다고 생각했었는데
드디어 방문하게 되었습니다!
강남역수제버거 버거스올마이티 가는길
50m
© NAVER Corp.
버거스올마이티 강남역점
서울특별시 강남구 봉은사로2길 31 1층
예약
여기가 어디냐면요
강남 햄버거 맛집인 버거스올마이티는 수제버거에 수제맥주까지 함께 즐길 수 있는 대박적인 맛집으로,
2호선 강남점과 신분당선/9호선 신논현역 근처에 위치하고 있어요.
신논현역 6번출구에서 가장 가깝습니다
도보로 5분정도의 거리에 있어요
신논현역햄버거 버거스올마이티 메뉴/가격표
Next image
키오스크에서 편리하게 주문할 수 있습니다.
현금결제를하거나, 옵션이나 토핑을 두가지 이상 선택하려고 할대는 카운터에 문의하시면 된다고 합니다.
강남역햄버거맛집 버거스올마이티
👍🏼 즐거운 식사를 위한 추천
강남 햄버거 맛집으로 손꼽히는 버거스올마이티는 수제버거와 수제맥주를 함께 즐길 수 있는 곳으로,
맛있는 음식과 함께 미국스러운 분위기가 더해져서 특별한 경험을 선사해주는 곳이랍니다.
여러분도 한 번 방문해보시기를 추천해요! 🌟
👍🏼
강남역수제버거맛집 버거스올마이티
재생
3
좋아요
0

접기/펴기
강남수제버거맛집 burger‘s almighty
또한 버거스 올마이티는 환경🌱을 생각한 친환경 가게이기도 한데요
종이용기를 사용하고 플라스틱을 배제하여 환경 보호에 기여하고 있어요.
다먹고 쓰레기통에 홀랑 다 버려버리는 패스트푸드점이랑 달리 하나하나 정리해야하지만 보람찼어요!
셀프바도 깔끔하고 일회용품을 많이 줄인 것이 눈에 띄었어요
탐스제로도 있는거 센스 대박적
🍔 수제버거의 새로운 즐거움을 찾아서
미국인이 제대로 된 햄버거를 대한민국에 소개하기 위해 탄생한 이곳은 강남역에 위치해있으며, 유명한 햄버거 맛집으로 손꼽히고 있어요.
아니글쎄 생각해보니까 2년전에 부산에서 방문했던 곳인거에요 ㄷㄷㄷ
그때도 친척일 때문에 부산에 내려갔다가 동래에서 유명한 버거집이라길래 갔었는데
때마침 이번에 엄마가 또 기억해냈어요 기억력 무엇
아무튼 그때도 진짜 맛있게 먹었던 기억이 새록새록나더라구요
🍺 수제맥주와 함께 즐기는 완벽한 조합
버거스올마이티는 햄버거와 함께 수제맥주를 즐길 수 있는 곳으로, 다양한 메뉴와 함께 즐거운 시간을 보낼 수 있어요.
특히, 프렌치프라이와 블랙 트러플 프라이는 맥주와의 찰떡 궁합을 자랑한다고 합니더
저는 하지만 이후에 약속이있었기에 그냥 탄산으로 만족했습니다.
아쉽스
🍔🍟 특별한 맛과 경험을 선사하는 메뉴
버거스올마이티의 수제버거는 햄버거의 본질인 패티와 빵에 집중한 조리법으로, 최상의 맛을 느낄 수 있어요.
프렌치프라이는 치즈나 트러플오일처럼 맛을 더할 수 있어요
먹기전부터 눈을 즐겁게 해주는 비쥬얼이죠><
강남맛집 burger's almighty 새우버거
번 대신 새우패티가 들어가있는 새우버거입니다.
저 이런 버거 살면서 처음 먹어봐요
새우살로만 채워진 가짜가 아니라
진짜 통통한 새우가 많이 들어가있어요
진짜 압도적인 맛이라는 생각이 듭니다 냠냠
양파가 살짝 매콤했는데 그래서그런지 비린맛을 잘 잡아주었습니다.
강남역맛집 오마이갓버거
새우버거도 맛있었지만 개인적으로 진짜 수제버거의 맛을 느낄 수있는
오마이갓버거가 찐이라고 생각합니다.
고기의 육즙도 팡팡에
무엇보다 치즈가 미쳤어요
빵도 그냥 빵이아니라 부드럽고 고소하고 캬아
베이컨을 싸악 감싸는 특제소스역시 엄청난 맛이었어요
두명이 가서 세트는 하나만 시켰는데도 충분한 양이자 맛이었습니다.
엄청 배불렀어요!!
감튀도 당연히 추천드립니다.
신논현버거 버거스올마이티 강남점 기본정보
운영시간:매일 11:00 - 22:00
21:30 라스트오더
전화번호 연락처: 02-539-2225
단체 이용 가능, 무선 인터넷, 포장, 배달
이 글은 리뷰노트를 통하여 본 업체에서 제품 또는 서비스를 제공받아 작성된 글입니다."
<b>강남 맛집<\/b> 눈꽃갈비전문 고기집 화설,https://blog.naver.com/soesee/223370079799,"대표메뉴
화설 모듬세트 (450g / 100g \17,555) 79,000원
강남역 골목맛집
눈꽃갈비 전문점 답게 이름도
화설 이네요
화설 강남점 다녀왔습니다!
사실 이쪽 안쪽골목은 오랫만이었는데
정말 십년 전에 강남에서 친구들 만날때
2차, 3차 이렇게 갈 때
들어와본 기억이 났어요

가게 입구가 은은한 편이라
반대편에 이런
교회건물 보고 찾으시면
빠를것 같아 한 컷 담아왔어요
내부 인테리어
강남 맛집 답게 규모는
꽤 크고 안쪽으로 이렇게
디스플레이된 공간 근처 테이블도 있었고,
베란다 느낌으로
분리된 단체를 위한 공간도 있었어요
고기 숙성고도 이렇게 예브게 디스플레이
되어있으니까 눈길이 한 번 더 갔어요
메뉴 및 가격
화설 메뉴판 가격 및 메뉴 전체
재생
13
좋아요
0
00:00
00:23

화설 메뉴판 가격 및 메뉴 전체

메뉴판은 강남 맛집 이라 그런가
다국어 지원하고 있고...
저는 찌개가 나오는 세트와,
복분자 하이볼 한 잔 그리고
냉면 한 그릇, 솥밥 주문했어요
다른것보다 요즘
소고기집에서 와인 저렴한 가격대로
잘 구비해두고 있어서
접근성이 좋아졌어요
소주 가격이 일단
너무 올라서 그런가
더욱 매리트있게 보였어요
개인적으론 크라임 와인
추천하려고 저 부분으로 한컷 담아왔습니다
상차림 (밑반찬)
기본세팅은 이렇게 나와요
솥밥이 있는 곳이라 그런가
김, 오징어젓갈 나오는게 반가웠어요
(궁합 👍🏻)
옹기종기 반찬이 여러개 나오는게
딱 한식 느낌이 살아요
전 물병을 좀 중시하는데
여기 물병도 입구 넓은
유리라서 칭찬하려고
찍어왔습니다 🤣
갈비살
갈비살 먼저 구웠어요
고기 가져다 주실때
설명 한 번 해주고
굽는 순서추천해 주셨던거 같아요
판이 좀 두꺼운 편이라
좀 완전히 잘 달구고 올리시는게 좋아요
쪼로로 일단 예쁘게 올렸어요
꽃살
눈꽃갈비전문 이라고 하는게
약간 살치살같은 이부위인가봐요?
귀엽게 진짜 꽃 삔처럼
소국도 꽂혀서 나왔어요
그릴자국도 좀
맛있어 보이게
나더라구요 고기집게도 너무 손가락이
아프지 않고, 원하는 부분만
잘 집히게끔
기능적이었고요...
등심
등심도 요새 유행하는
깍뚝살 처럼 네모지게 나왔어요
정육면체 처럼
잘라서 구우면
딱 원하는 굽기로 고르고
여러면을 익히기 편해요
기름이 불에 바로
떨어지면
불길이 확 올라오니까
조심하세요
잘 구워서 앞접시에
옮겼어요
소고기는 금방 익으니까요!
복분자 하이볼
이름은 하이볼이지만
왠지 위스키는
안들어간거 같은..
복분자에이드 랄까요...
그라데이션이 너무 예쁘고
장미모양 얼음도 보자마자
우와! 소리가 나왔어요
섞을때도 예뻐서
이번 포스팅은
움짤을 여러개 만들었어요 🤣
이거 좀 완전
분위기 나는 음료...
솥밥 & 된장찌개
인간적으로
솥밥 있는데
안시키는건 안될 말이죠...
일반적으로 생각나는
칼칼하고 깔끔한
고기집 된장찌개랑은
좀 다른 스타일이에요
약간 더 구수한 느낌이랄까?
부드러운 된장찌개였어요
이렇게 김에 밥 싸서
고기도 올려먹고
젓갈도 올려먹으니까 괜찮았어요
뜨거운물도 엄청 큰 포트로
주셔서
넉넉하게 물 부어주고요
최대한 빨리 밥을 퍼내고
물을 부어주는게 좋은거 같아요
비빔냉면
냉면은 딱 후식냉면 정도 양으로 나와서
푸짐하게 고기 먹고 주문해도
부담없이 먹을 수 있겠어요
다국어 메뉴판에서 부터
전반적으로
부드러운 느낌의 맛이라서
외국인 친구 데려와서
한식먹기에도 괜찮을거 같다는
생각이 문득 들어요
50m
© NAVER Corp.
화설 강남점
서울특별시 서초구 서초대로73길 38 1층
예약"
역삼동 <b>맛집<\/b> <b>강남<\/b> 오리고기 <b>맛집<\/b> 미나리밭오리사냥 <b>강남<\/b>역점,https://blog.naver.com/ksi54/223362064378,"근래 너무 먹던 것만 먹은 것 같아서!
몸에도 좋고 맛도 좋은 맛있는걸 먹으러 출동한 곳!
역삼동 맛집 강남 오리고기 맛집 미나리밭오리사냥 강남역점
50m
© NAVER Corp.
미나리밭오리사냥 강남역점
서울특별시 강남구 테헤란로1길 28-8 1층
2호선, 신분당선 강남역 11번 출구서 도보 4분내
9호선, 신분당선 6번 출구서 도보 8분내 위치한
역삼동 회식 맛집으로 유명한 서울 오리고기 맛집
미나리밭오리사냥 강남역점 (●'◡'●)
계속 비가 내리더니 이날엔 눈이 펑펑!
미끄러지지 않게 조심 조심해서 도착한 가게 앞!
귀여운 오리 인형이 대나무 조형에 대롱 대롱 ~
귀여운 포인트인 것 같다 ㅋㅋㅋㅋ
점심 피크 타임 지나서 왔더니 다소 한산
손님 없는 테이블 위주로 일단 찍어봄 ㅎㅎ
원래 오리고기는 미나리랑 먹어야 제맛이라며
내남자님이 한껏 기대감이 부풀어하는 모습 ★
가게 안에서도 오리 인형이 대롱 대롱
중간 중간 팬더랑 망아지랑 너구리도 있네?!
추가 반찬은 인형 옆 셀프바에서 이용 가능하다.
생수부터 셀프로 빠르게!
상추, 깻잎, 양파, 쌈무
초장, 쌈장, 참기름 등등 추가 반찬 모두 있는데
단 대파김치는 직원에게 요청하면 된다.
역삼동 맛집 강남 오리고기 맛집 미나리밭오리사냥 강남역점
배고파서 일단 주문부터 먼저 때리기!
주물럭+로스 반반 2인에 냉 열무국수!
그리고 수제비 오리뼈탕도 주문했는데
주문하자마자 탕이 나와서 우와 빠르다했는데
알고보니 점심에만 나오는 서비스라고 해서
바로 오리탕은 취소 ~ 히히 다른거 주문해야지
미나리밭오리사냥 강남역점의 메뉴는
크게 생 주물럭, 생 로스, 오리 대패로 나뉘고
간장맛, 고추장맛, 혹은 반반으로 주문할 수 있다.
종류별로 추가도 가능하고!
맛있는 오리고기에 어울리는 다양한 사이드도 있다.
시원한 냉 열무국수와 오리뼈탕을 선택했는데
오리뼈탕은 서비스로 나오니 패스하고 다른건 뭐 먹을지..!
맛있는 음식을 더 돋보이는 주류 메뉴도 보기!
생맥주를 시작으로 소주도 있고!
낮만 아니면 계속 주문했을 것 같은 하이볼
탄산음료도 제로까지 다양 다양!
네이버 리뷰 이벤트도 있어서
작성 갯수만큼 서비스가 다르니 참고오옥!
내남자님이 너무 기대한 수제비 오리뼈탕
보글 보글 끓기만 하면 바로 먹어도 된다고 안내도 받고
바로 기본찬도 준비가 되는데
소쿠리 가득한 미나리가 듬뿍 담뿍
양파 소스는 개인별로 준비가 되고
칼칼해보이는 대파김치와 마늘, 그리고 쌈장
상추랑 깻잎 그리고 고추
새콤달콤한 쌈무도 바로 나오고
기본찬보니 더 기대되는 오리 고기들 😘😘
이어서 등장한 메인 음식 주물럭+로스 반반 2인
왼쪽은 간장맛 , 오른쪽은 고추장맛
간장쪽에는 느타리 버섯이 ~
고추장쪽에는 마늘과 팽이버섯, 부추가 듬뿍
그 사이를 가로 지르는 미나리
그 아래로 감자채도 있었음! ㅋㅋㅋ
친절한 직원분이 오며 가며 볶아주신다.
우린 편하게 즐기면 되서 더 좋은 미나리밭오리사냥
이때 바글 바글 맛있게 끓여진 수제비 오리뼈탕!
고추장 양념쪽에 대파김치도 올려서 마저 구우면
역삼동 맛집 강남 오리고기 맛집 미나리밭오리사냥 강남역점
맛있게 즐기는 오리로스와 오리뼈탕!
뭐부터 먹어야하나 찰나의 고민을 해보고 ㅎㅎ
앞접시에 듬뿍 담은 한국자!
쫄깃한 수제비랑 먹으니 더 맛있던 한입
먼저 익은 요 녀석....!
미나리랑 같이 양파소스에 찍어먹으니 넘 맛나당.
중간 중간 있던 쫄깃한 떡
너무 맛있어서 눈이 커짐 ㅋㅋㅋ
좋아하는 깻잎에다가 오리로스
쌈장 찍은 마늘 넣어서 내남자님 한입!
셀프바를 스캔하던 내남자님이 가져온 초장
오리고기는 미나리랑 초장이 국룰이라길래
냅다 쌈에 초장을 넣어서 옴뇸뇸 ♥
내남자님의 먹잘알 포인트로 더 맛있게
생고기든 양념고기든 소금은 필수인 나
살짝 찍으면 풍미가 올라와서 난 더 좋아한다.
오리고기에 푹 빠져있을때 등장한 냉 열무국수
살얼음이 동동 띄워져 더 짜릿할 듯
얇은 소면이라서 후루룩 먹기 좋았고
새콤 달콤 시원하니 짱맛탱 👍
쌈무 넣은 상추쌈으로도 냠냠!
초장은 생각도 못했는데 진짜 맛있는 조합인 듯!
있는 그대로 초장에 푹 찍어먹어도 넘 맛남
중간 중간 수제비랑 국물이랑 우마이 ~
두 가지 모두 양파 소스랑 어울려서 아주 좋았다.
낮이니 술 대신 제로 콜라도 주문하고
밥도 먹고 싶어서 버터 간장 계란밥까지 주문 -완-
뜨끈 따끈한 밥위에 버터, 김가루 그리고 반숙 계란 프라이!
고루 비벼서 바로 먹으니 버터의 풍미가 미쳤음
오랜만에 먹는 것 같아서 더 맛있었다.
깻잎 위로 버터 간장 계란밥!
고추장 오리 로스랑 마늘 올리니 최고 최고
콜라로 쨘쨘쨘!
맛있는 점심 데이트라 기분 좋게 ㅇ3ㅇ
구황작물 덕후의 마음을 설레게 하는 감자
포슬 포슬하니 조아 아주 조아!
계란밥 위에 올려서도 먹고
잘 구워진 대파 김치랑도 먹으며 흡입 완료 ><
역삼동 맛집 강남 오리고기 맛집 미나리밭오리사냥 강남역점
재생
4
좋아요
0
00:00
01:05

접기/펴기
역삼동 맛집 강남 오리고기 맛집 미나리밭오리사냥 강남역점
맛있게 먹어서 기분 좋은 데이트를 시작한
역삼동 맛집 강남 오리고기 맛집 미나리밭오리사냥 강남역점
맛있게 먹어서 술술 쓰기도 좋았고!
다음에도 오리고기 먹고 싶다면 또 올 것 같다.
Photo by. 라일비
#협찬 #역삼동맛집 #역삼동오리고기 #역삼동회식 #강남역맛집 #강남역오리고기 #강남역회식 #강남맛집 #강남오리고기 #강남회식 #미나리밭오리사냥 #미나리밭오리사냥강남역점 #역삼동미나리밭오리사냥 #강남역미나리밭오리사냥 #강남미나리밭오리사냥 #레뷰"
환상적인 <b>강남 맛집<\/b> 추천,https://blog.naver.com/luxuryyhj/223324334447,"며칠 전, 친구들과 함께 몸보신도 할 겸 지인에게 추천받은 강남 맛집 추천 집을 다녀왔어요.
선도 높은 장어요리를 합리적인 가격대로 즐기고 온 터라 후일담을 들려드릴게요.
1. 신사만장어
장어덮밥VIP 54,000원
주소 : 서울 강남구 도산대로1길 10
전화번호 : 0507-1355-9302
영업시간 : 매일 11:30 - 22:00
50m
© NAVER Corp.
아성빌딩입구
서울특별시 강남구 신사동
이날 방문한 곳은 신사만장어라는 곳입니다.
멀리서도 눈에 띄는 갈색 외관의 건물 덕분에 바로 발견했어요.
안으로 들어가니 탁 트인 분위기의 홀이 저흴 맞이해주었어요.
혼밥러들을 위한 다찌석도 있고 테이블 간격도 넓어 이동시에 불편함이 없었어요.
게다가 프라이빗한 룸도 구비되어 있으니 단체나 회식으로 찾아오기에도 안성맞춤이겠더라고요.
바로 자리에 착석해 키오스크를 살펴봤는데요.
다양한 장어메뉴가 있어 고민됐지만 저흰 그 중에서 신사만장어세트로 주문을 넣었어요.
조금 기다리니 상차림이 금세 풍성해졌어요.
전부 맛깔스럽고 정갈한 비주얼을 자랑하니 빨리 먹고 싶은 마음만 굴뚝같았어요.
가장 먼저 미소된장국으로 목을 축여주었죠.
구수하면서도 추운 겨울 몸을 따뜻하게 녹여주니 입맛도 돋워지더라고요.
장어와 함께 먹을 곁들임야채도 푸짐하게 나와 후한 인심도 엿볼 수 있었죠.
무른 기색 없이 숨이 살아있고 촉촉한 윤기까지 나무랄 데가 없었네요.
파김치를 내어주시는 곳은 정말 드문데 과연 강남 맛집 추천 할만 했어요.
오랜시간 숙성한 듯 본연의 새콤한 풍미가 끝내줬고 직접 개발하신 양념까지 대박이었어요.
한정식집 버금가는 김치와 깍두기까지 취향저격이었답니다.
고춧가루가 버무려졌음에도 푸석하지 않고 본연의 아삭함을 잃지 않더군요.
이어 맛 본 간장새우장은 껍질을 손질하기가 너무 귀찮았지만 그래도 막상 먹어보니 담백하고 짭쪼름하기만 해서 역시 밥도둑이구나~ 연신 노래를 부르게 되더라고요.
다음에는 누룽지로 손을 뻗었답니다.
뚝배기 자체에서 나오는 구수한 향이 기깔났고 담백한 맛까지 중독성이 상당했어요.
수플레계란찜은 폭탄처럼 담겨나와 모두의 이목을 집중시켰어요.
각종 야채도 들어있어 영양까지 잡아내니 어린아이들도 좋아하더라고요.
본격적으로 강남 맛집 추천 주인공인 장어구이를 만나봤어요.
고추장, 데리야끼 2버전의 장어를 합리적인 가격대에 즐길 수 있어 기대만땅이었답니다.
바로 한 점 입에 쏙 넣어봤어요.
비린내는 전혀 찾아볼 수 없었고 오히려 담백하면서도 짭짤한 맛만이 입에 감돌았어요.
명이나물에 싸먹어보니 그 참맛을 제대로 발휘했어요.
조금 기름질 수 있던 부분도 들큰한 맛이 꽉 잡아주니 취저였답니다.
물론 그냥 먹어도 정말 훌륭했지만 개인적으로 생강채와 곁들여 먹는게 가장 꿀맛이었고요.
이어서 전복버터구이로 고개를 돌렸어요.
양도 어찌나 많던지 여럿이서 나눠 먹기에도 부족함이 없었는데요.
한입에 넣어봤는데 버터향이 코끝을 찌르더라고요.
마찬가지로 비릿함 없이 담백함이 휘몰아쳤고 버터의 고소한 풍미도 입에 잘 맞았어요.
추가로 주문한 장어덮밥도 취향저격 그 자체였답니다.
밑에 깔린 밥알이 보이지 않을 정도로 두툼한 장어를 산더미처럼 쌓아주셨답니다.
바로 밥 위에 올려 먹어봤는데 고소한 맛이 압권이었어요.
고슬고슬한 쌀알의 찰기에 쫀득담백한 장어가 어우러지니 강남 맛집 추천 집의 환상적인 콜라보가 탄생한 순간이었죠.
끝으로 와인 한 잔 마시며 입가심도 해주었는데요.
처음부터 끝까지 무엇하나 나무랄 데 없었던 곳이라 다음엔 부모님을 모시고 재방문 해볼 예정이에요.
환상적인 강남 맛집 추천
재생
10
좋아요
1
00:00
00:02

환상적인 강남 맛집 추천
2. 파파존스 역삼점
소시지레볼루션 오리지널 28,500원
주소 : 서울시 강남구 논현로 407 역삼빌딩
전화번호 : 02-3288-4382
영업시간 : 11:00-22:00
뒤이어 파파존스로 가서 피자도 먹었어요.
누린내 없는 깔끔한 후미의 피자로 요기부린 곳이라 추천드려요.
3. 달떡볶이 강남점
달떡볶이 4,500원
주소 : 서울시 서초구 서운로138 동아타워 지하1층
전화번호 : 070-7778-9197
영업시간 : 매일 10:00-18:00
이어서 방문한 곳은 가성비로 유명한 달떡볶이인데요.
포장도 가능하고 배달도 가능한데 웨이팅이 있어 깜짝 놀랐어요.
4. 강남명전
치즈감자전 23,500원
주소 : 서울시 강남구 강남대로 65길 12 1층
전화번호 : 0507-1363-3371
영업시간 : 11:00-02:30
술 한잔하고 싶을 땐 강남명전을 추천드리고 싶네요.
다양한 술안주가 있었는데 저는 그중에서도 치즈감자전이 맘에 쏙 들었어요.
5. 봉우화로
이베리코 목살 12,000원
주소 : 서울시 강남구 봉은사로 18길 76
전화번호 : 02-558-8452
영업시간 : 11:30-23:30
100%국내산만 사용한다는 봉우화로에서 마무리했죠.
이베리코목살, 명란삼겹살 등 신박한 고기메뉴가 많아 선택지가 많았어요.
#강남맛집추천 #신사만장어
*본 포스팅은 업체로부터 소정의 원고료를 제공받아 작성된 후기입니다."
[도곡역<b>맛집<\/b>\/<b>강남<\/b>장어] 해품팔팔장어 도곡점: 장어 1kg... ,https://blog.naver.com/ejlee2198/223386898725,"너무 너무 힘든 요즘,
기력 보충이 필요하다고 생각해서
남자친구랑 같이 간 장어 맛집
도곡동 해품장팔팔장어
도곡동이라서 집 근처인지 알았는데 약간 멀었고..ㅋㅋㅋㅋ
그래도 맛있어서 즐겁게 먹고왔다!
50m
© NAVER Corp.
해품장팔팔장어 도곡점
서울특별시 강남구 도곡로 218 CN시티 1층
한티역이랑 도곡역쪽이 근처였고
들어가보았는데 내부가 굉장히 넓어서 놀랐다!
근처에 회사 다시는 분들은 회식하러 오기 좋을듯
장어 회식이라니 설렐거같다..
가족 식사하시는 분들이 굉장히 많았고
전체적으로 깨끗한 내부였다 :)
해품장팔팔장어 도곡점 메뉴판!
점심 세트가 따로 있어서 장어탕 드시러 오시는 분들이
꽤나 많을걸로 생각이 들었고
우리는 장어를 먹기 위해 왔기 때문에 2인분!
풍어 장어 1kg (79,000원)이랑
후식식사로 국수랑 된장찌개 하나 시킴~
2인 기준으로 장어랑 사이드 하나 먹으면 배부를듯 헤헤
생각보다 장어 1kg가 가격이 얼마 안나가서 좋았음!
기본으로 세팅되어있는 장어랑 같이 먹기 좋은
쌈과 김치와 생강! 생강이 진짜 장어랑 잘어울려~~
장어소스랑 쌈장도 같이 나와서 취향껏 먹기 좋았음
드디어 나와주신 장어!
영롱하다 비주얼..
이거 먹으면 정말 힘이 팔팔 날거같은 그런 느낌,,
거대하다 이게 바로 장어 1kg!
2인분 기준으로 먹으면 배가 터질거같음
ㅋㅋㅋㅋㅋㅋㅋㅋㅋㅋㅋㅋㅋㅋㅋ
그리고 불이 나왔는데 일반 불이랑 다른거같은 느낌..?
불이 엄청 쎄서 약간 뜨겁긴한데
ㅋㅋㅋㅋㅋ덕분에 장어가 엄청 잘 튀겨(?)짐!!
사장님이 다 하나하나 직접 구워주심!
저렇게 장어를 올려놓고 잘 펴주시는데
나는 옆에서 빨리 구워져라 빨리 구워져라
(속으로) 외치기 ㅋㅋㅋㅋㅋㅋㅋㅋㅋㅋ
진짜 한마리 그대로 올려놓으니까
철판이 꽉 차는게 너무 너무 영롱하니 기분이 좋았다
남자친구랑 갔는데 다음엔 아버지나 아버님
모시고 와야겠다는 생각뿐~
가격도 나름 괜찮고 진짜 퀄리티가 좋아서 부모님 모시고 오기 딱
정말 노릇노릇 구워지는 장어의 비주얼..
ㅋㅋㅋㅋㅋㅋㅋㅋㅋㅋㅋㅋㅋ
저렇게 딱 구워줘야 장어 껍질이 튀겨지듯이 구워져서
먹을 때 고소하니 맛있다고 한다
그리고 다 구워진 장어!!!!!!
먹기 좋게 잘라주셔서 쉽게 먹을 수 있는데
처음엔 너무 뜨거움 ㅋㅋㅋㅋㅋ
한입에 먹기 버거워서 반으로 잘라서 먹기 딱이었음!
정말로 너무 실하고 장어 질이 너무 좋은지
먹자마자 그 고소함이 미쳤음 진심 따따봉임
장어 먹는 방법 1.
생강과 장어 전용 소스랑 먹는다
장어랑 생강은 떼어놓을 수 없다 무조건 올려서
고소한 장어 소스에 찍어먹으면 입에서 살살 녹음
장어 먹는 방법 2.
이게 잘 어울릴지 몰랐지!
명이나물이 있어서 장어에 싸먹으면 맛있음!
고기 싸먹는것보다 장어가 훨훨 맛있는거 같고
명이나물도 무한리필 가넝!
장어 먹는방법 3.
쌈이랑 같이 먹기!
쌈에 장어 올려놓고 생강이랑 소스에 밥 조금
넣어서 먹으면 입에서 살살 녹아요
그리고 마지막으로 아껴놨다가
장어 꼬리 먹기!!!!!!!!!!
뭔가 과학적인 증명은 없다고 하지만
꼬리를 먹어야만 ㅋㅋㅋㅋㅋㅋㅋㅋㅋㅋㅋ
장어를 다 먹은거같은 느낌 헤헤
후식 식사로 나온 잔치국수(6,000원)
국물도 진하고 국수도 엄청 잘 삶아져서
입에서 후루루루룩 넣어서 먹으면 맛있음
잔치국수 좋아하시는 분들은 꼭 추천
6천원이면 저렴해서 후식으로 딱인거같다
장어 = 단백질을 먹어줬으면
탄수화물도 같이 먹어줘야지 ㅎ_ㅎ
후식식사로 또 시킨 된장찌개
된장찌개 이거 ㅁ진짜 맛있었다
고기집 된장찌개의 자극적인 맛보다
할머니가 끓여주신 슴슴한 된장찌개 맛!
공기밥이랑 같이 나옴!
그리고 디저트로 주신 홍삼~~~~~~~~~
한포하고 가뿐하게 다 먹고 가면
기력 보충 완료!!!!!!!!!!
부모님이랑 같이 가기 좋은 #도곡장어 #강남장어
#강남맛집 #한티역맛집 #도곡역맛집
#강남장어 #강남장어맛"
[<b>강남<\/b>]드레스 투어 꿀팁 &amp; 투어 전 브런치 <b>맛집<\/b> 'mmn'다녀온 후기,https://blog.naver.com/ara8376/223376459608,"MMN
월~일 11:00-20:00 19:00라스트오더
안녕하세요:)
이날은 저의 사랑하는 친구의
드레스 투어를 같이 가기로 한 날이예요! 👗
드레스 투어를 가기 전 먹기로 한 곳인데
너무 좋았어서 소개해드릴려고 가져왔습니다!
50m
© NAVER Corp.
mmn
서울특별시 강남구 도산대로66길 39
드레스 피팅은 오늘 2군데 예약이 되어있었는데
위치는 강남구청역이였고 친구가 예약한 브런치집도
강남구청역 4번출구에서 510m정도 위치한 곳이였어요!
간단한 드레스 투어 꿀팁과 맛집 소개까지 해드릴께요:)
저희는 오픈시간에 맞춰 예약을 했는데
11시쯤에 저희 말고도 다른분들도 꽤 많이 오시더라구요
동네에 있는 작은 브런치집 느낌이였는데
역시 맛집이라 그런지 오픈시간 부터 사람들이 꽤 몰렸어요!
색감 넘 예쁘죠?
날씨만 따뜻하면 사진 엄청 찍었을텐데 ㅋㅋㅋㅋㅋ
이날 삼일절이였는데 정말 너무너무 춥더라고요😱
그래서 너무 추워서 찍을 수가 없었어욤
제가 다녀온곳 메뉴부터 자세하게 설명해드릴께요:)
미리 메뉴는 보고왔었는데 사진으로 보니
샌드위치 하나하나 특색있고
다 맛있어 보여서 뭘 먹지 ,,, 고민 하다가
결국 사장님께 추천 받았어요! 추천해주신 건
⭐️Greek chicken ⭐️Avo tomate 이 두가지!
저희가 먹고싶은 메뉴인
Onion soup, Pink salmon 도 추가로 주문했어요!
핑크살몬 15,000원
천연발효로 만든 호밀빵 ,그라브릭스 연어,
으깬 아보카도 그리고 반숙계란
그릭 치킨 11,000원
바삭한 크루아상 , 그릭요거트에 버무린 치킨 ,
향긋한 딜 ,mmn에서만 맛볼수 있는 샌드위치
아보 토마테 10,000원
천연 발효로 만든 호밀빵 ,아보카도,
홈메이드 썬드라이 토마토 ,알씨한 마늘 오일 샌드위치
양파스프 9,000원
이렇게 4가지를 주문하고 음료는
아메리카노 5,000원
밀크티 6,500원 를 주문했어요!
저희가 앉은 자리는 이런느낌✨✨
너무 따뜻한 색감에 예쁘죠?
음식 사진 보여드리기 전
👗드레스 투어 꿀팁도알려드릴께요! 👗
저희는 신부 ,친구 3명 이렇게 투어를 가기로 했는데
드레스를 입은 모습은 촬영 불가 ❌❌였어요
그래서 저희가 미리 준비해간 도안을
프린트 &패드에 담아 갔어요:)
저희 모두 처음와보는 투어였기때문에
기본적으로 생각했던게 드레스샵 하나당 1시간이 잡혀있어서
드레스 하나 입을때 그리는 시간을 5-7분정도는 당연히
주실줄 알았는데 거의 1분 ..? 1분 30초 ? 밖에 안주시더라구요 🥺
그래서 생각보다 마음이 엄청 조급했어요!
직접 프린트해서 그리는거랑 패드랑 두가지를
준비했는데 개인적으로 패드가 있으시다면
빠르게 지울수 있기때문에 패드를 가져가시는걸 권장드려요!
그리고 또 신부가 긴장하고 당이 떨어질 수 있으니
가벼운 초콜렛이나 사탕을 가져가시는것도 좋은 것같아요:)
더 궁금한게 있으신 분들은 댓글에 남겨주시면 알려드릴께요!
귀엽죠 ? 🤍ྀི
저희가 주문한 음료도 나왔어요:)
커피 진짜 너무 향긋하고 맛있어서 감동 🥺
제일 먼저 나온 그릭치킨 ✨✨
비주얼 넘 예쁘죠ㅜㅜㅜ
이렇게 예쁜 샌드위치는 처음이였어요 ㅋㅋㅋㅋㅋ
맛설명도 해드리면 위에 올라간 딜 은근 묘미더라구요
그다음은 핑크 살몬 ✨✨
전체적으로 라이트한 샌드위치였어요!
간이 세지 않고 심심한 편이라서 소스가 필수 였고
이것도 너무 신선해서 맛있더라고요 :)
그 다음 저의 원픽 .......... 아보토마테 ✨✨✨
진짜 이건 집에서 계속 먹고싶다 할정도로 중독적인 맛이였어요ㅜㅜ
아보카도의 부드러운 식감에 토마토 그리고 소스 까지 삼박자가
다 완벽한 샌드위치였어요 🥺 지금도 또 먹고 싶은 ,,,,,,
양파스프도 말할것 없이 너무 부드럽고 맛있었어요ㅠㅠ
저는 개인적으로 다맛있었지만 아보토마테가 1등이였는데
3명중 2명은 ⭐️아보토마테
1명은 ⭐️그릭치킨이 제일 맛있었다 하더라고요!
전체적으로 너무 맛있어서 왜 맛집인지 알았던곳 🥺
다음에 결혼식 전 한번 더 투어할때
또 들려서 아보토마테 꼭 먹을꺼예욤 ㅋㅋㅋㅋㅋ
드레스 투어전 과한 음식이 부담스러우신 분들
브런치를 좋아하시는분들에게 너무나도 추천드리고 싶은곳 🤍ྀི
이날은 친구가 고맙다고 쏜 날이라 내돈내산은아니지만
솔직하게 적은 후기니까 참고하세요 :)
#드레스투어 #신부 #투어꿀팁 #강남구청 #강남구청맛집 #강남맛집 #브런치맛집 #브런치 #강남브런치 #드레스 #드레스추천 #드레스도안 #결혼 #결혼준비 #예약 #투어전 #강남구청추천 #데이트 #데이트코스"
<b>강남<\/b>역 훠궈 따롱이훠궈 <b>강남<\/b>점 중국전통 훠궈 <b>맛집<\/b> + 소스추천... ,https://blog.naver.com/joohee195/223385668837,"따롱이훠궈 강남점
영업시간
매일 11:00~23:00
라스트오더 22:00
주차무료
오늘은 친구와 강남역 방탈출을 하기 전에 배부터 불리려 강남 훠궈맛집 ""따롱이훠궈""에 갔다. 맨날 마라탕만 먹다가 오랜만에 진짜 중국식 훠궈를 먹으려니 마음이 둑흔둑흔 ㅎㅎ
50m
© NAVER Corp.
따롱이훠궈 강남점
서울특별시 서초구 서초대로73길 9 2층
예약
강남역 9번 출구에서 도보로 3분정도 걸리는 아주 가까운 거리에 위치해 있다. 찾아가기는 무난하게 쉬운편이다.
가게 내부
입구부터 중국느낌이 물씬 풍긴다. 역시 중국답게 붉은 색과 금색을 아낌없이 사용했다.
매장은 아주아주 넓고 테이블도 많았다. 각 테이블 마다 파티션처럼 나눠져 있다. 우리는 평일 6시 쯤 도착했고 한 10테이블 정도 이미 자리가 차 있었다. 자리가 워낙넓어 손님이 별로 없어보일 지경 ㅋㅋ
단체회식장소로 좋을 것 같다.
가장 인기많은 창가자리는 프라이빗 하게 완전 분리되어 있다. 보통 예약석으로 많이 나가는 듯 하니 확실하게 창가에 앉고 싶다면 네이버로 예약하는 것을 추천한다. 나는 하루전날 미리 예약했고 프라이빗한 테이블에 앉을 수 있었다.
참고로 테이블 서랍에 이렇게 물티슈와 머리끈도 준비되어 있다. 소소한 센스가 아주 좋구먼 ㅎㅎ
여기저기 가게를 돌아다니며 구경하는데 주방이 완전 오픈형이다. 엄청 깔끔하고 관리가 잘 되어 있어 위생걱정없이 먹을 수 있다. (우리집보다 깨끗한듯 ㅋㅋㅋ)
따롱이훠궈 가격 및 메뉴
솔직히 네이버 메뉴로 보는게 더 깔끔할텐데 그래도 올려본다.
스압주의.;;
탕소스류+점심특선메뉴
내가 방문한건 저녁시간이라 점심특선메뉴는 모두 품절로 표시되어 있었다.
고기류
Next image
해산물
Next image
완자류 & 피쉬볼
Next image
버섯류 & 야채류
Next image
면류 & 사이드메뉴
Next image
주문내역
탕 3가지 맛 선택
홍탕마라훠궈 순한 매운맛 - 9,900원
동계보양사골탕 - 7,900원
토마토탕 - 8,900원
소스바 이용 - 인당 1,000원
양고기 150g - 12,900원
소고기 150g - 12,900원
새우완자 150g - 10,900원
모듬피쉬볼 - 6,600원
건두부 80g - 3,500원
푸주 100g - 4,500원
팽이버섯 120g - 3,500원
숙주나물 70g - 2,100원
당면 150g - 3,700원
버섯모듬 500g - 7,900원
적고보니 진짜 많이도 담았구나... 이게 2명이서 먹은거다...
진짜 엄청나게 굶주린 상태에서 주문을 해서 그러는데 먹다가 더 시키는 것을 추천한다. 저렇게 시켜놓고 결국 배불러서 버섯과 당면을 조금 남겨버렸다.
집에 와서 이불 덮고 자려고하니 미련남음..ㅠ
참고로 테이블에 붙어있는 QR코드로 설문에 참여하면 음료를 증정받을 수 있다.
소스 추천
역시 베스트는 베스트다
매장 곳곳에 이렇게 소스를 만들어 먹을 수 있는 셀프바가 있다.
소스 이외에도 나초나 샐러드가 있으니 음식을 기다리면 허기를 달랠 수 있다.
셀프바 앞쪽에는 소스 가이드가 있는데, 2명이서 온거지만 궁금한 건 못참아 모두 만들어 보았다. 한 사람당 한 2개정도 씩 각각 다른 소스를 만들어 먹는 것을 추천한다. 매번 새롭고 맛있게 먹을 수 있다.
위에 있는 베스트 소스를 1번, 아래 사진에 있는 소스를 왼쪽부터 2,3,4,5라고 한다면, 개인적인 취향으로는 1 > 4 > 5 > 2 > 3 순으로 마음에 들었다.
다만 향채라고 쓰여있는 것은 흔히 고수라고 알려진 향이 아주아주 강한 채소로 호불호가 극강으로 갈리기 때문에 고수를 싫어한다면 향채(고수)는 빼고 만드는 것을 추천한다.
나는 개인적으로 고수(향채)를 엄청나게 좋아하기 때문에 지극히 개인적인 취향이 반영된 순위이다.
친구도 사실 고수 러버라서 둘 다 1등은 베스트 소스인 참기름 + 다진마늘 + 다진파 +향채 조합이었다. 진짜 집에서도 만들어먹고 싶은 맛이다. 훠궈와 고수가 어찌나 잘 어울리던지 나중에는 고수만 잔뜩 따로 담아와서 다시 소스에 리필 해 먹었다.
탕소스류 추천
국물은 홍탕마라훠궈 순한 매운맛, 동계보양사골탕 , 토마토탕으로 총 3가지 맛을 선택했다. 3가지 탕 모두 고르기는 가격적으로 부담스럽다면 3가지 맛으로 선택 후 하나는 맑은탕(물탕)으로 선택하면 된다. 하이디라오와 마찬가지로 그냥 두가지 맛으로 고르는 것 보다 좀 더 저렴하게 2가지 탕을 먹을 수 있다.
참고로 홍탕마라훠궈 순한 매운맛도 꽤나 매운편이다.
나는 솔직히 막 입이라 세개다 맛있었는데, 친구는 토마토탕엔 거의 손을 대지 않았다. 나는 독특하고 감칠맛 나서 꽤나 맘에 들었지만 호불호가 갈릴 수 있을 것 같긴하다. 무난한게 먹고 싶다면 동계보양사골탕과 홍탕마라훠궈 순한 매운맛을 추천한다.
본격 식사타임
드디어 주문한 모든 재료가 나왔다. 보기만해도 군침이도는... 참고로 친구와 나 둘다 야채보다는 고기파라 야채는 버섯과 숙주말고는 없다. ㅋㅋ
새우완자는 귀염뽀짝한 하트모양으로 나온다.
강남역 훠궈 따롱이훠궈 강남점 중국전통 훠궈 맛집 (1)
재생
1
좋아요
0
00:00
00:21

강남역 훠궈 따롱이훠궈 강남점 중국전통 훠궈 맛집 (1)
직원분이 참 친절하게도 사진 다 찍으셨냐고 물어보시고 그제서야 새우완자를 만들어 주시기 시작했다. 동글동글 먹기좋은 한입크기로 만들어주신다.
새우완자는 탕에 넣어 둥둥 떠오르면 먹어도 된다. 한 1분정도 걸려 금방 먹을 수 있으니 한번에 다 넣지말고 먹을 만큼 그때 그때 넣어 먹는 것이 좋다. 너무 오래 넣어 있으면 새우 향이 빠지고 좀 쪼그라 들 수 있다.
양고기는 차돌박이처럼 얇게 썰어 나온다. 양고기 특유의 향으로 훠궈에 전환점을 주고싶을 때 넣어먹으면 좋다. 누린내는 없었고 고기는 정말 신선했다.
강남역 훠궈 따롱이훠궈 강남점 중국전통 훠궈 맛집 (2)
재생
0
좋아요
0
00:00
00:09

강남역 훠궈 따롱이훠궈 강남점 중국전통 훠궈 맛집 (2)
훠궈집에 가면 빠질 수 없는 고기 돌려먹기 챌린지ㅋㅋ
자체 bgm은 마음속으로 불렀다. 스땁! 웨이러미닛!
근데 이렇게 말아 먹으면 겉만 익고 속은 잘 안익는다는 함정;;
그다지 추천하지는 않음. 진짜 챌린지는 챌린지용으로 ..
이날 뒤에 방탈출 예약을 해놔가지고 급한 마음에 그냥 재료를 다 때려 박아 넣었다.
끓는게 참 힘겨워 보인다. ㅋㅋㅋ
내가 가장 좋아하는 훠궈 토핑 푸주!! 마라탕집 가면 푸주랑 연근이랑 포두부만 넣어먹을 정도로 엄청나게 좋아하는데 아무리 먹어도 질리지가 않는다. 집에서 된장찌개 끓여먹을 때 푸주 넣어 먹는 사람 나야나!!
가장 맛있다고 느껴졌던 1번 소스(다진마늘+고수+파+참기름)와 4번 (간장+굴소스+다진마늘 + 고추) 조합!! 여러 소스를 번갈아가며 먹으니 진짜 끝도없이 들어간다.
피쉬볼을 엄청나게 좋아해서 차마 한 종류만 고를 수 없어 선택한 모듬피쉬볼! 쫄깃 쫀득한 식감을 좋아한다면 강력 추천한다.
특히 피쉬볼마다 맛도 다르고 식감도 달라서 골라먹는 재미가 쏠쏠하다. 어떤건 완전 쫜~~~득하고 또 어떤건 안에 당면이 들어가 있기도 하고 따로 집에 사가고 싶을 정도였다.
뭔가 아쉬워서 아직 당면은 넣지도 않았는데 모듬버섯(500g)을 추가로 주문했다. 다양한 종류의 버섯을 한번에 먹을 수 있어서 참 좋다.
국물은 부족하면 언제든지 직원분이 육수 리필을 해준다. 면 투입 전 필수~!
마지막 나가는 길에 발견한 서비스 음료! 매장 밖 엘레베이터 앞에 있기 때문에 웨이팅고객이 마셔도 되고 나가면서 후식으로 마셔도 되는 것 같다. 망고인줄 알고 먹었으나 뭔가 황도맛이 더 많이 난다. 황도+망고 느낌으로 달다구리하니 아주 맛있다.
훠궈에 넣어먹는 토핑 종류가 정말 셀 수 없이 많아서 내가 원하는 것만 골라 커스터마이징을 해 먹을 수 있는게 좋았다. 셀프바에 소스 조합도 친절하게 설명되어 있고 소스 종류도 많고 고기나 완자, 피쉬볼도 아주 신선했다. 하이디라오같은 면뽑기 퍼포먼스는 없지만 오히려 조용하게 식사에 집중할 수 있어서 좋았고, 좀 더 이국적이고 독특한 인테리어도 확실히 외국 음식을 먹는 느낌을 주어 사진찍는 맛이 있는 곳이다. 자리도 널널해 강남역 회식 장소로도 추천한다.
#강남역맛집 #강남역훠궈 #강남역회식 #강남맛집 #강남훠궈 #강남회식 #훠궈맛집 #하이디라오"
"소개팅\/데이트 추천 효뜨 <b>강남<\/b>점 - <b>강남<\/b>역 <b>맛집<\/b>, 또간집",https://blog.naver.com/godmz_/223379620694,"오늘은 강남역 맛집 [효뜨 강남점] 후기입니다
효뜨 강남점
서울 강남구 강남대로 358 2층 202호
[효뜨]는 용리단길에 있는 베트남 음식전문점으로
웨이팅이 길어 못먹기로 소문난 집
친구집이 그 근처라 2~3번 시도해보고
더 유명해져서 결국 한번도 가보지 못했다
직장 근처인 더현대도 맛은 있지만 메뉴가 많지 않아서
자주 가지는 못했는데
강남점은 퇴근 후 가도 좀 더 여유로운 분위기에
메뉴도 많아서 아주 만족스럽...✨️
위치는 강남역 4번 출구에서 도보 1분거리로
위치가 아주아주아주 좋다
4번출구로 나와서 조금 직진하다
투썸매장이 보이면 바로 다음 건물에 위치해있다
358타워에 위치해있는데
[효뜨] 말고도 [오제제] 같은 강남맛집이
대거 들어와있는 빌딩이다
2층계단으로 올라와서 바로 좌회전을 하면
효뜨매장이 나온다
개인적으로 외부 인테리어가 아주 눈에 띄진 않아서
조금 헤맸던것 같다
가는 길은 영상으로 확인 가능하다
효뜨 강남점 가는법
재생
1
좋아요
0

효뜨 강남점 가는법
블루리본이 많이 붙어있으면 항상 믿음직한거 같다
영업시간은 점심은 11시~15시반까지
저녁은 17시반~21시까지다
라스트오더도 잘 보고 방문해야 할듯
메뉴
스타터 ￦12,000~15,000, 식사류 ￦12,000~19,000 저녁메뉴(요리류) ￦23,000~25,000
Next image
메뉴가 많은게 진짜 좋다...
더현대는 메뉴가 거의 분류별로 1~2개밖에 없고
신용산본점은 점심때 방문하면 메뉴가 많이 제한되는데
이곳은 기본적으로도 다양한 메뉴가 제공되고,
저녁메뉴도 적당히 다양하게 추가주문가능하다니..
아마도 홀 분위기가 다른 지점들과 다르게
좀 더 소개팅이나 데이트하기 좋은 레스토랑 분위기라
와인과도 곁들일 수 있는 메뉴들이 제공되는 거 같다
(잔와인도 잔당 만원대에 주문이 가능하다)
와인
레드, 화이트 모두 ￦11,000
나도 레드와 화이트를 하나씩 시켜봤는데
화이트는 상큼한데 달달함과 드라이한 맛이
적절히 섞인 가운데 플러스로 시원한게 너무 만족스러웠다
레드도 가볍게 탄닌감이 돌아서
나는 실패한 항정살 메뉴에 잘어울릴듯..
(항정살은 주문하면 2~30분정도 걸린대서 pass)
퍼싸오
￦19,000
다양한 야채와 해산물, 고기가 들어간 퍼싸오
내가 효뜨에 갈때마다 먹는 메뉴
효뜨에 가는 가장 큰 이유는 면과 부재료 비율이 1:1 이라
먹을때 충만한 느낌이 든다
옆에 있는 빨간 피쉬소스를 뿌려 먹으면 되는데
살짝 달달 시큼하면서 감칠맛을 올려준다
(소스냄새만 맡으면 비린데 섞었을땐 전혀 아무렇지 않다)
새우랑 고기 튼실한거...
지점마다 차이는 있겠지만 더현대도 강남점도 튼실하다
더현대는 좀 더 튼실한 느낌에 2만원 중후반대인데
강남점도 이미 부재료가 튼실해 가심비가 더 좋다
야채들도 설익은거 없이 식감이 좋고
새우도 탱글해서 먹을때마다 다채로운 식감의 퍼싸오다
레드커리 새우만두 with 로띠
￦23,000
저녁메뉴로 기대하던 레드커리🍎
비쥬얼이 너무 좋다
위에 고수인가 싶은 초록잎을 걷어주면
고수를 싫어하는 사람이 싫어할 향은 나지 않는다
새우가 들어있는 만두?딤섬?이 6개 정도 나오는데
레드커리와의 조합이 좋다
이날 내 잎에는 조금 짜긴했지만
그래도 맛있는 맛
문제는 같이 나오는 로띠가 진짜 핵존맛이라는거다
리필이 됐으면 좋겠다...
겉은 바삭한데 로띠주제에 또 결이 있어서
쫀득한 속이 파사삭 겹겹이 뜯기는 식감이란....
레드커리에 찍어먹으면 진짜 말모말모...
깨끗하게 비운 저 접시만 봐도
효뜨는 강남 맛집이다....
입점해있는 건물이나 인테리어가 모두 깔끔하고
베트남 느낌을 잘 살린 소품들과
다른 베트남 음식점에서 보기 힘든 메뉴들,
그리고 음식에 페어링하기 좋은 와인들까지
소개팅이나 데이트때 방문하면
너무 좋을 강남 맛집 효뜨 리뷰 끝!
50m
© NAVER Corp.
효뜨 강남점
서울특별시 강남구 강남대로 358 2층 202호
예약"
"따롱이훠궈 \/ <b>강남맛집<\/b> : 신선한 재료, 중국 전통 맛을 느낄 수... ",https://blog.naver.com/jaimiie/223385656481,"친구가 하이▪︎라오에 가자길래 찾아보다가
예약이 너무 빡센 이슈...
강남역에 근처 새로 생긴 훠궈 집이 있어서 도전해보기로!
작은 충격 (?) 따롱이라는 이름이 귀여워서
따릉따릉~ 하면서 갔는데 실제 중국 사천 쪽의
프렌차이즈였다는 강남훠궈맛집 따롱이훠궈!
상장 가득..!
50m
© NAVER Corp.
따롱이훠궈 강남점
서울특별시 서초구 서초대로73길 9 2층
예약
따롱이훠궈 강남점
- 운영 시간 : 11:00~23:00 (라스트오더 22:00)
눈 떠보니 그곳은... 중국이었습니다
(오란▪︎▪︎호▪︎트부 패러디)
아니 내부가 너무 휘황찬란.. 중국 그 자체였다.
탕을 선택하고 일단 소스바부터 털기로 했는데요!
아직 음식이 나오기 전이지만 이미 찐이라고 느낀 게
소스 종류가 어마어마했기 때문이다.
우리가 알고 있는 땅콩소스 등 말고도
부추소스나 삭힌 빨간 두부 소스..! (?)
차마 도전은 못했지만요...
소스 가이드도 있으니 취향껏 만들어보시길!
참고로 주인과 직원분들 모두 넘 친절하셔서
우리끼리 막 뭐 하고 있으면 와서 도움 줄 거 없나
계속 보셨는데 처음에는 좋은데 민망하당^^;; 하다가
생각해보니 가격대 좀 있는 훠궈집들의 특징이 아닐까
생각하기로 했다 ㅋㅋㅋㅋㅋ
왜냐면 사장님이 소스 만들어드릴까요?? 했기에..!!
아무튼 제 소스는 이런 모양새!
서랍을 열면 서비스두 ㅋㅋㅋㅋ
탕 따로, 들어가는 재료 따로 시켜야 하는데
우리는 이왕 먹는 거 백탕 / 홍탕 말고도
좀 특이한 거 시켜보자~ 하고
마라홍탕 / 똠양꿍탕(내 픽) / 토마토탕(친구 픽)으로 주문!
물론 백탕도 주문할 수 있다.
들어가는 재료는 고민하다가 포기하고
2인세트로 시킴! ㅋㅋㅋ
소고기 + 버섯 + 채소 + 건두부 + 생선경단 구성!
흰살생선 동글동글 만들기
재생
2
좋아요
0
00:00
00:32

흰살생선 동글동글 만들기
참고로 하트는 사진 찍기용이라고 ㅋㅋ
사진 찍고 나면 오셔서 귀엽게 동글동글 빚어주신다.
낄낄 이 아름다운 비주얼을 보세요.
처음 왔다고 하니 고기완자 (소스바) + 토마토탕
담아서 식전 수프를 뚝딱 말아주셨다.
채소 넣으면 국물 맛이 달라지니
고기 먼저 넣어서 우선 맛보라고 하셔서
고기 먼저 흡입해보기로 했습니다..!
늘 채수 낸다고 계속 채소 먼저 잔뜩 넣었는데?!!
순수 소고기로만 한판 뚝딱 하고
버섯부터 넣어줬다. 그냥 버섯 아니고 버섯 모둠!!
제일 좋아하는 두부도요.
꺄악 버섯 조아
마라탕은 결국 기름이기 때문에
밑에 가라앉지 않게 가끔 저어주는 편이(타지 않게)
계속 맛있게 먹는 방법이라구.
생선 넣기~~~ 확실히 이미 만들어진 것보다
현장에서 만든 것이 훨씬 신선하고 맛있다.
(꼭 이 집뿐 아니라도)
가격
- 탕 세 가지 맛 9900+8900+8900
-2인 세트 49000
- 소스바 1000 (개당)
저녁에는 이렇게 거하게 먹고
점심시간에는 점심 맞춤형 특선 세트가 있어서
가볍게 가도 될 듯.
인테리어 및 분위기
말했던 것처럼 엄청 넓고 제대로 사극 같은 분위기!
재밌다 ㅋㅋㅋㅋ
으리으리..!!
바깥 웨이팅 ? 나가면서 ?
오렌지주스도 마실 수 있다.
화장실 잘 안 찍어 올리는데 화장실마저 넘 깨끗하고
핸드크림까지 있어서 추천하는 강남훠궈 따롱이훠궈!"
"<b>강남<\/b>역 <b>맛집<\/b>, 블루리본 베트남쌀국수 <b>맛집<\/b> :: 효뜨",https://blog.naver.com/tkdwjd04/223382646146,"# 강남역 맛집 <효뜨>에 갔다왔어요
예전에 친구가 신용산점에 진짜 맛있는 쌀국수집있다고
알려준 가게였는데 강남에도 지점이 있더라고요!
블루리본 서베이에 꾸준히 등재된
블루리본 맛집이예요
강남역에서 도보 5분정도 걸려요
신분당선 4번출구랑 가깝습니다
강남 358타워 건물에 있기 대문에
주차장을 무료 이용할 수 있어요
<효뜨 강남점> 내부
# 강남역 맛집 <효뜨>는 유럽에 있는 베트남 식당에서
영감받은 인테리어라고 합니다
<효뜨>는 4개 지점마다 인테리어 컨셉이
각각 다르다고 해요
강남지점은 유럽풍으로 꾸며져있습니다
오피스건물 거리 한가운데 있을 것 같은 느낌이어서
딱 강남지점이랑 잘 어울리는 것 같은 느낌이예요
2인용, 4인용 테이블 뿐만아니라
6인이상 테이블도 있어서
모임 장소로도 추천드립니다👍
<효뜨> 메뉴
# 강남역 맛집 <효뜨>의 대표 메뉴는
효뜨 쌀국수👍
베트남 요리 전문점이기 때문에
쌀국수 뿐만아니라 분팃느엉, 돼지고기 덮밥,
모닝글로리 볶음, 퍼싸오 등등 다양합니다
어린이 전용 메뉴로
미니쌀국수, 치킨너겟 감자튀김,
계란볶음밥이 있어요
가족끼리 오기도 좋을 것 같습니다ㅎㅎ
음료 및 주류메뉴는
베트남 아이스커피, 사과주스, 효녀주스,
사이공 스페셜, 하노이 프리미엄, 333맥
넵머이 보틀, 글라스 와인 등이 있어요
📌추천 메뉴조합
효뜨 쌀국수
분팃느엉
레드커리 새우만두 with 로
글라스와인 레드
효뜨 쌀국수_\16,000
분팃느엉_\24,000
레드커리 새우만두 with 로띠_\23,000
글라스와인 레드_\11,000
# 강남역 맛집 <효뜨>의 테이블 세팅
새콤달콤한 레드양파절임이 나와요
# 강남역 맛집 <효뜨>의 대표 메뉴, 효뜨 쌀국수
홍합, 새우, 낙지 등 각종 해산물,
토마토, 양파가 올라간 얼큰한 국물베이스 쌀국수예요
국물맛이 독특한데
원 베이스는 쌀국수 특유의 산뜻한 국물맛인데
들어간 재료로 인해 토마토 스튜같기도,
짬뽕국물 같기도 하네요ㅎㅎㅎ
양도 완전 푸짐해서 1.5인분 느낌입니다
# 저녁시간에만 주문 가능한, 분팃느엉
신선한 샐러드, 차쪼, 돼지고기, 땅콩, 쌀국수로
이루어진 비빔국수 느낌이예요
쌀국수면이 굉장히 얇은 국수여서
샐러드면 같은 느낌이어서 더 맛있더라고요ㅎㅎ
같이 나온 소스를 부어서 비벼주면
땅콩맛까지 더해져 새콤달콤해져요!
같이 나온 돼지고기가 짭짤하고 살짝 불맛나서
면이랑 먹으면 더 맛있습니다ㅎㅎ
# 저녁시간에만 주문 가능한, 레드커리 새우만두
이것도 저녁시간에만 주문할 수 있어요!
인도가 생각나는 요리네요ㅎㅎ
단순히 커리만 있는게 아니라
만두가 커리에 파뭍혀 있어요ㅋㅋㅋ
로띠가 난처럼 구워져서 같이 나오기 때문에
로띠에 커리 찍어서 먹으면 존맛탱이예요♥
태국 푸팟퐁커리 생각나는 향긋한 느낌과
크림치즈 들어간 듯한 부드러운 맛이예요
말은 레드커리지만 매운 느낌은 1도 없어요ㅎㅎ
# 오늘의 술은 레드와인
베트남 맥주가 워냑 유명하지만
오늘은 레드와인 한 잔 했습니다
기본 글라스와인인데 굉장히 맛있어서
어떤 와인인지 물어봤어요ㅎㅎ
와인 이름은 샤또 마리 플래장스 루즈, 베르즈락
프랑스 베르즈락지방 와인/ 도수 14.5%
샤또 마리 플래장스 회사
90% 멜롯, 10% 까베르네쇼비뇽 품종으로
만들어졌어요
강남역 맛집 <효뜨>
재생
3
좋아요
0

강남역 맛집 <효뜨>
<효뜨 강남점> 총평
📌 강남역에서 도보 5분!
📌 베트남 쌀국수, 모닝글로리, 분팃느엉 등 베트남요리 전문점
📌 유럽에 있는 베트남 식당을 컨셉으로한 인테리어로 세련되고 분위기 있음
📌 어린이 메뉴도 있어서 가족끼리 와도 좋음!
📌 디너타임 네이버예약, 캐치테이블 예약가능★
50m
© NAVER Corp.
효뜨 강남점
서울특별시 강남구 강남대로 358 2층 202호
예약
https://www.instagram.com/hieutu_seoul/
Hiếutử 효뜨(@hieutu_seoul) • Instagram 사진 및 동영상
팔로워 4,924명, 팔로잉 8명, 게시물 367개 - Hiếutử 효뜨(@hieutu_seoul)님의 Instagram 사진 및 동영상 보기
www.instagram.com
✅ 주소 ✅
서울 강남구 강남대로 358 2층 202호
✅ 영업시간 ✅
매일 11:00~21:00
(브레이크타임 15:30~17:30)
#효뜨강남점 #강남역맛집 #강남맛집 #캐치테이블 #캐치테이블맛집 #강남데이트 #강남역맛집추천 #강남맛집추천 #강남역회식 #강남역점심 #강남쌀국수맛집"
